,model,hyperparams,mse,rmse,mae,r2
81,LinearRegression,{'fit_intercept': True},4549165084601503.0,67447498.72753994,42596639.73619267,-4939348238869820.0
387,SVR,"{'C': 1000, 'kernel': 'sigmoid', 'epsilon': 1, 'gamma': 'scale', 'degree': 3}",42706.1632372467,206.65469565738567,171.88128445323463,-46368.082733180156
384,SVR,"{'C': 1000, 'kernel': 'sigmoid', 'epsilon': 0.1, 'gamma': 'scale', 'degree': 3}",42684.09509485581,206.60129499801255,171.87072064980052,-46344.12180008003
381,SVR,"{'C': 1000, 'kernel': 'sigmoid', 'epsilon': 0.01, 'gamma': 'scale', 'degree': 3}",42678.49768748584,206.5877481543517,171.86957713922303,-46338.04430152349
351,SVR,"{'C': 100, 'kernel': 'sigmoid', 'epsilon': 1, 'gamma': 'scale', 'degree': 3}",414.9050962292759,20.36921933283836,16.938824031891063,-449.49162170330584
348,SVR,"{'C': 100, 'kernel': 'sigmoid', 'epsilon': 0.1, 'gamma': 'scale', 'degree': 3}",413.7898209859924,20.341824426191284,16.953673293924616,-448.28068899228725
345,SVR,"{'C': 100, 'kernel': 'sigmoid', 'epsilon': 0.01, 'gamma': 'scale', 'degree': 3}",413.5887547248499,20.336881637184444,16.95367354017907,-448.0623772220172
172,GradientBoostingRegressor,"{'n_estimators': 200, 'learning_rate': 2.0, 'max_depth': 7}",197.44106575859408,14.051372379899199,6.814481544668374,-213.37564087009173
160,GradientBoostingRegressor,"{'n_estimators': 100, 'learning_rate': 2.0, 'max_depth': 7}",107.7894686504593,10.382170709945935,5.946690320739021,-116.03460134905127
158,GradientBoostingRegressor,"{'n_estimators': 100, 'learning_rate': 2.0, 'max_depth': 3}",57.10769671873599,7.556963458872617,2.1303187797143384,-61.0058397459343
171,GradientBoostingRegressor,"{'n_estimators': 200, 'learning_rate': 2.0, 'max_depth': 5}",31.93614017191594,5.651206965942403,3.285465342016418,-33.675311794773165
170,GradientBoostingRegressor,"{'n_estimators': 200, 'learning_rate': 2.0, 'max_depth': 3}",28.38578659720658,5.327831322142864,1.910404417388429,-29.82044340673312
159,GradientBoostingRegressor,"{'n_estimators': 100, 'learning_rate': 2.0, 'max_depth': 5}",17.08125070348247,4.132946975643708,2.892460899815841,-17.546314326012354
148,GradientBoostingRegressor,"{'n_estimators': 10, 'learning_rate': 2.0, 'max_depth': 7}",10.934159367592448,3.3066840441131427,2.404261970649242,-10.87198525695417
82,LinearRegression,{'fit_intercept': False},8.255242887344863,2.873193847853789,1.701503182923454,-7.963297365283747
365,SVR,"{'C': 1000, 'kernel': 'linear', 'epsilon': 0.01, 'gamma': 0.05, 'degree': 3}",7.136996274537692,2.6715157260509796,1.5947267227810082,-6.749138429551239
364,SVR,"{'C': 1000, 'kernel': 'linear', 'epsilon': 0.01, 'gamma': 0.1, 'degree': 3}",7.136996274537692,2.6715157260509796,1.5947267227810082,-6.749138429551239
363,SVR,"{'C': 1000, 'kernel': 'linear', 'epsilon': 0.01, 'gamma': 'scale', 'degree': 3}",7.136996274537692,2.6715157260509796,1.5947267227810082,-6.749138429551239
147,GradientBoostingRegressor,"{'n_estimators': 10, 'learning_rate': 2.0, 'max_depth': 5}",5.215774962458247,2.283807120239852,1.619815095409883,-4.663133431310988
366,SVR,"{'C': 1000, 'kernel': 'linear', 'epsilon': 0.1, 'gamma': 'scale', 'degree': 3}",5.045551080916524,2.2462304158114597,1.4148890465348465,-4.478309400116185
367,SVR,"{'C': 1000, 'kernel': 'linear', 'epsilon': 0.1, 'gamma': 0.1, 'degree': 3}",5.045551080916524,2.2462304158114597,1.4148890465348465,-4.478309400116185
368,SVR,"{'C': 1000, 'kernel': 'linear', 'epsilon': 0.1, 'gamma': 0.05, 'degree': 3}",5.045551080916524,2.2462304158114597,1.4148890465348465,-4.478309400116185
315,SVR,"{'C': 10, 'kernel': 'sigmoid', 'epsilon': 1, 'gamma': 'scale', 'degree': 3}",4.704287311225999,2.1689369080787015,1.8089013461442034,-4.107775342005909
146,GradientBoostingRegressor,"{'n_estimators': 10, 'learning_rate': 2.0, 'max_depth': 3}",3.2557027155591376,1.8043565932373615,1.243042689239211,-2.534945242768517
312,SVR,"{'C': 10, 'kernel': 'sigmoid', 'epsilon': 0.1, 'gamma': 'scale', 'degree': 3}",3.252047554786366,1.8033434378360562,1.4929762922012912,-2.5309765778398936
309,SVR,"{'C': 10, 'kernel': 'sigmoid', 'epsilon': 0.01, 'gamma': 'scale', 'degree': 3}",3.1998390014732125,1.7888093809775296,1.4805735420224806,-2.4742900823917173
329,SVR,"{'C': 100, 'kernel': 'linear', 'epsilon': 0.01, 'gamma': 0.05, 'degree': 3}",2.7970096214755165,1.6724262678741675,1.1455207703052912,-2.0369099144590037
327,SVR,"{'C': 100, 'kernel': 'linear', 'epsilon': 0.01, 'gamma': 'scale', 'degree': 3}",2.7970096214755165,1.6724262678741675,1.1455207703052912,-2.0369099144590037
328,SVR,"{'C': 100, 'kernel': 'linear', 'epsilon': 0.01, 'gamma': 0.1, 'degree': 3}",2.7970096214755165,1.6724262678741675,1.1455207703052912,-2.0369099144590037
332,SVR,"{'C': 100, 'kernel': 'linear', 'epsilon': 0.1, 'gamma': 0.05, 'degree': 3}",2.4612001655180946,1.5688212662754462,1.096177045043211,-1.6722979880873714
331,SVR,"{'C': 100, 'kernel': 'linear', 'epsilon': 0.1, 'gamma': 0.1, 'degree': 3}",2.4612001655180946,1.5688212662754462,1.096177045043211,-1.6722979880873714
330,SVR,"{'C': 100, 'kernel': 'linear', 'epsilon': 0.1, 'gamma': 'scale', 'degree': 3}",2.4612001655180946,1.5688212662754462,1.096177045043211,-1.6722979880873714
18,DecisionTreeRegressor,"{'max_depth': 20, 'min_samples_split': 2, 'min_samples_leaf': 1, 'criterion': 'squared_error'}",1.3437952534998223,1.1592218310141602,0.8758924611499893,-0.45905294605447367
0,DecisionTreeRegressor,"{'max_depth': None, 'min_samples_split': 2, 'min_samples_leaf': 1, 'criterion': 'squared_error'}",1.3337212062966743,1.1548684800862279,0.8747722587910153,-0.44811484502147514
157,GradientBoostingRegressor,"{'n_estimators': 100, 'learning_rate': 1.0, 'max_depth': 7}",1.3325784087273405,1.1543736001517622,0.8700224016991555,-0.44687402938684806
145,GradientBoostingRegressor,"{'n_estimators': 10, 'learning_rate': 1.0, 'max_depth': 7}",1.328900340614201,1.1527793980698133,0.860521671601077,-0.4428804923489038
19,DecisionTreeRegressor,"{'max_depth': 20, 'min_samples_split': 2, 'min_samples_leaf': 2, 'criterion': 'squared_error'}",1.3017802551582196,1.1409558515377445,0.8625189240544455,-0.4134343096222255
22,DecisionTreeRegressor,"{'max_depth': 20, 'min_samples_split': 5, 'min_samples_leaf': 2, 'criterion': 'squared_error'}",1.2901293037871433,1.1358385905519954,0.8521579667297013,-0.4007840529123341
1,DecisionTreeRegressor,"{'max_depth': None, 'min_samples_split': 2, 'min_samples_leaf': 2, 'criterion': 'squared_error'}",1.2768131479624674,1.1299615692413911,0.8575439746434859,-0.38632576669982344
7,DecisionTreeRegressor,"{'max_depth': None, 'min_samples_split': 10, 'min_samples_leaf': 2, 'criterion': 'squared_error'}",1.273587687826412,1.1285334234423063,0.8591588117172384,-0.38282365795101225
10,DecisionTreeRegressor,"{'max_depth': 10, 'min_samples_split': 2, 'min_samples_leaf': 2, 'criterion': 'squared_error'}",1.2690964437621803,1.1265418073743114,0.8395695054852015,-0.3779471986345351
6,DecisionTreeRegressor,"{'max_depth': None, 'min_samples_split': 10, 'min_samples_leaf': 1, 'criterion': 'squared_error'}",1.2629681759454796,1.1238185689627485,0.8569274330491965,-0.37129330758314105
3,DecisionTreeRegressor,"{'max_depth': None, 'min_samples_split': 5, 'min_samples_leaf': 1, 'criterion': 'squared_error'}",1.2593019872101037,1.1221862533510663,0.8455031976714431,-0.3673126688204944
293,SVR,"{'C': 10, 'kernel': 'linear', 'epsilon': 0.01, 'gamma': 0.05, 'degree': 3}",1.2520963045944045,1.1189710919386633,0.8422334775769944,-0.35948895280320103
291,SVR,"{'C': 10, 'kernel': 'linear', 'epsilon': 0.01, 'gamma': 'scale', 'degree': 3}",1.2520963045944045,1.1189710919386633,0.8422334775769944,-0.35948895280320103
292,SVR,"{'C': 10, 'kernel': 'linear', 'epsilon': 0.01, 'gamma': 0.1, 'degree': 3}",1.2520963045944045,1.1189710919386633,0.8422334775769944,-0.35948895280320103
24,DecisionTreeRegressor,"{'max_depth': 20, 'min_samples_split': 10, 'min_samples_leaf': 1, 'criterion': 'squared_error'}",1.2514273611027904,1.1186721419177248,0.8484100973388473,-0.3587626338423018
169,GradientBoostingRegressor,"{'n_estimators': 200, 'learning_rate': 1.0, 'max_depth': 7}",1.2511658193283546,1.1185552374953838,0.8294451469270818,-0.3584786595571472
12,DecisionTreeRegressor,"{'max_depth': 10, 'min_samples_split': 5, 'min_samples_leaf': 1, 'criterion': 'squared_error'}",1.2509393444699246,1.1184539974759464,0.834552436082852,-0.3582327598871349
21,DecisionTreeRegressor,"{'max_depth': 20, 'min_samples_split': 5, 'min_samples_leaf': 1, 'criterion': 'squared_error'}",1.2507878526199439,1.1183862716521265,0.8445711582498645,-0.35806827453905665
25,DecisionTreeRegressor,"{'max_depth': 20, 'min_samples_split': 10, 'min_samples_leaf': 2, 'criterion': 'squared_error'}",1.2462237531915341,1.116343922450216,0.8535559278481268,-0.3531127110335577
295,SVR,"{'C': 10, 'kernel': 'linear', 'epsilon': 0.1, 'gamma': 0.1, 'degree': 3}",1.2454550136666265,1.1159995580942792,0.8307245258752687,-0.35227803650583933
296,SVR,"{'C': 10, 'kernel': 'linear', 'epsilon': 0.1, 'gamma': 0.05, 'degree': 3}",1.2454550136666265,1.1159995580942792,0.8307245258752687,-0.35227803650583933
294,SVR,"{'C': 10, 'kernel': 'linear', 'epsilon': 0.1, 'gamma': 'scale', 'degree': 3}",1.2454550136666265,1.1159995580942792,0.8307245258752687,-0.35227803650583933
4,DecisionTreeRegressor,"{'max_depth': None, 'min_samples_split': 5, 'min_samples_leaf': 2, 'criterion': 'squared_error'}",1.2414846311916463,1.114219292236338,0.8496782246871749,-0.34796711322195684
156,GradientBoostingRegressor,"{'n_estimators': 100, 'learning_rate': 1.0, 'max_depth': 5}",1.2362858658842644,1.1118839264438822,0.8371755675334523,-0.34232244836856784
9,DecisionTreeRegressor,"{'max_depth': 10, 'min_samples_split': 2, 'min_samples_leaf': 1, 'criterion': 'squared_error'}",1.2282603685623028,1.1082690867123846,0.8252908218585561,-0.33360860190969466
144,GradientBoostingRegressor,"{'n_estimators': 10, 'learning_rate': 1.0, 'max_depth': 5}",1.2122659556440725,1.1010294980808064,0.8281074603973523,-0.31624234374798665
5,DecisionTreeRegressor,"{'max_depth': None, 'min_samples_split': 5, 'min_samples_leaf': 4, 'criterion': 'squared_error'}",1.211088771064516,1.1004947846602982,0.8381946640539311,-0.31496419171970813
15,DecisionTreeRegressor,"{'max_depth': 10, 'min_samples_split': 10, 'min_samples_leaf': 1, 'criterion': 'squared_error'}",1.210782718328743,1.1003557235406844,0.8306304680367504,-0.3146318887556856
8,DecisionTreeRegressor,"{'max_depth': None, 'min_samples_split': 10, 'min_samples_leaf': 4, 'criterion': 'squared_error'}",1.2097923618437587,1.0999056149705568,0.8393602846485289,-0.31355658911960105
13,DecisionTreeRegressor,"{'max_depth': 10, 'min_samples_split': 5, 'min_samples_leaf': 2, 'criterion': 'squared_error'}",1.20490601321564,1.0976821093630158,0.8160442525669028,-0.30825113701092755
168,GradientBoostingRegressor,"{'n_estimators': 200, 'learning_rate': 1.0, 'max_depth': 5}",1.1933359114307425,1.0923991538951054,0.8221484452450838,-0.2956886643787029
336,SVR,"{'C': 100, 'kernel': 'poly', 'epsilon': 0.01, 'gamma': 'scale', 'degree': 3}",1.190797820870362,1.091236830788973,0.8373398427045745,-0.29293288108520543
372,SVR,"{'C': 1000, 'kernel': 'poly', 'epsilon': 0.01, 'gamma': 'scale', 'degree': 3}",1.190797820870362,1.091236830788973,0.8373398427045745,-0.29293288108520543
23,DecisionTreeRegressor,"{'max_depth': 20, 'min_samples_split': 5, 'min_samples_leaf': 4, 'criterion': 'squared_error'}",1.1895805121736418,1.0906789225861302,0.8338144347056016,-0.2916111634830769
338,SVR,"{'C': 100, 'kernel': 'poly', 'epsilon': 0.01, 'gamma': 0.05, 'degree': 3}",1.1877150311020268,1.089823394455279,0.8367680874158381,-0.2895856795812253
265,SVR,"{'C': 1, 'kernel': 'poly', 'epsilon': 0.01, 'gamma': 0.1, 'degree': 3}",1.1877150311020268,1.089823394455279,0.8367680874158381,-0.2895856795812253
302,SVR,"{'C': 10, 'kernel': 'poly', 'epsilon': 0.01, 'gamma': 0.05, 'degree': 3}",1.1877150311020268,1.089823394455279,0.8367680874158381,-0.2895856795812253
374,SVR,"{'C': 1000, 'kernel': 'poly', 'epsilon': 0.01, 'gamma': 0.05, 'degree': 3}",1.1877150311020268,1.089823394455279,0.8367680874158381,-0.2895856795812253
373,SVR,"{'C': 1000, 'kernel': 'poly', 'epsilon': 0.01, 'gamma': 0.1, 'degree': 3}",1.1877150311020268,1.089823394455279,0.8367680874158381,-0.2895856795812253
301,SVR,"{'C': 10, 'kernel': 'poly', 'epsilon': 0.01, 'gamma': 0.1, 'degree': 3}",1.1877150311020268,1.089823394455279,0.8367680874158381,-0.2895856795812253
337,SVR,"{'C': 100, 'kernel': 'poly', 'epsilon': 0.01, 'gamma': 0.1, 'degree': 3}",1.1877150311020268,1.089823394455279,0.8367680874158381,-0.2895856795812253
16,DecisionTreeRegressor,"{'max_depth': 10, 'min_samples_split': 10, 'min_samples_leaf': 2, 'criterion': 'squared_error'}",1.1836861503835416,1.0879734143735047,0.8216457929566285,-0.2852112406432261
26,DecisionTreeRegressor,"{'max_depth': 20, 'min_samples_split': 10, 'min_samples_leaf': 4, 'criterion': 'squared_error'}",1.1826089375858269,1.0874782469483364,0.8327590876825621,-0.2840416350043167
155,GradientBoostingRegressor,"{'n_estimators': 100, 'learning_rate': 1.0, 'max_depth': 3}",1.1773730796583564,1.0850682373281213,0.826704417996235,-0.27835669608650004
266,SVR,"{'C': 1, 'kernel': 'poly', 'epsilon': 0.01, 'gamma': 0.05, 'degree': 3}",1.1718989452933952,1.0825428145313216,0.8311086959686984,-0.27241304369489283
2,DecisionTreeRegressor,"{'max_depth': None, 'min_samples_split': 2, 'min_samples_leaf': 4, 'criterion': 'squared_error'}",1.1649819962597534,1.0793433171423046,0.8255332250629425,-0.2649028260192763
17,DecisionTreeRegressor,"{'max_depth': 10, 'min_samples_split': 10, 'min_samples_leaf': 4, 'criterion': 'squared_error'}",1.1630709782788506,1.0784576849737084,0.8178566088981424,-0.26282789949476504
20,DecisionTreeRegressor,"{'max_depth': 20, 'min_samples_split': 2, 'min_samples_leaf': 4, 'criterion': 'squared_error'}",1.1583948329263385,1.0762875233534663,0.8174708408686877,-0.25775067985509725
300,SVR,"{'C': 10, 'kernel': 'poly', 'epsilon': 0.01, 'gamma': 'scale', 'degree': 3}",1.1537740227844056,1.074138735352378,0.8034522894110899,-0.25273354154240657
229,SVR,"{'C': 0.1, 'kernel': 'poly', 'epsilon': 0.01, 'gamma': 0.1, 'degree': 3}",1.153699382929777,1.0741039907428782,0.823757650169482,-0.2526524998066919
167,GradientBoostingRegressor,"{'n_estimators': 200, 'learning_rate': 1.0, 'max_depth': 3}",1.1392276772686325,1.0673460906700472,0.8185478413538606,-0.23693955192692107
377,SVR,"{'C': 1000, 'kernel': 'poly', 'epsilon': 0.1, 'gamma': 0.05, 'degree': 3}",1.1252719669047244,1.0607883704607268,0.8148185403538191,-0.22178685640451068
305,SVR,"{'C': 10, 'kernel': 'poly', 'epsilon': 0.1, 'gamma': 0.05, 'degree': 3}",1.1252719669047244,1.0607883704607268,0.8148185403538191,-0.22178685640451068
304,SVR,"{'C': 10, 'kernel': 'poly', 'epsilon': 0.1, 'gamma': 0.1, 'degree': 3}",1.1252719669047244,1.0607883704607268,0.8148185403538191,-0.22178685640451068
376,SVR,"{'C': 1000, 'kernel': 'poly', 'epsilon': 0.1, 'gamma': 0.1, 'degree': 3}",1.1252719669047244,1.0607883704607268,0.8148185403538191,-0.22178685640451068
375,SVR,"{'C': 1000, 'kernel': 'poly', 'epsilon': 0.1, 'gamma': 'scale', 'degree': 3}",1.1252719669047244,1.0607883704607268,0.8148185403538191,-0.22178685640451068
341,SVR,"{'C': 100, 'kernel': 'poly', 'epsilon': 0.1, 'gamma': 0.05, 'degree': 3}",1.1252719669047244,1.0607883704607268,0.8148185403538191,-0.22178685640451068
268,SVR,"{'C': 1, 'kernel': 'poly', 'epsilon': 0.1, 'gamma': 0.1, 'degree': 3}",1.1252719669047244,1.0607883704607268,0.8148185403538191,-0.22178685640451068
340,SVR,"{'C': 100, 'kernel': 'poly', 'epsilon': 0.1, 'gamma': 0.1, 'degree': 3}",1.1252719669047244,1.0607883704607268,0.8148185403538191,-0.22178685640451068
339,SVR,"{'C': 100, 'kernel': 'poly', 'epsilon': 0.1, 'gamma': 'scale', 'degree': 3}",1.1252719669047244,1.0607883704607268,0.8148185403538191,-0.22178685640451068
269,SVR,"{'C': 1, 'kernel': 'poly', 'epsilon': 0.1, 'gamma': 0.05, 'degree': 3}",1.1240464726737638,1.060210579400981,0.812978323287717,-0.22045625119259382
14,DecisionTreeRegressor,"{'max_depth': 10, 'min_samples_split': 5, 'min_samples_leaf': 4, 'criterion': 'squared_error'}",1.1211854079190573,1.0588604289135832,0.7996510134886956,-0.2173497921183154
11,DecisionTreeRegressor,"{'max_depth': 10, 'min_samples_split': 2, 'min_samples_leaf': 4, 'criterion': 'squared_error'}",1.1191337346980668,1.0578911733718486,0.8023933935688771,-0.21512214631466264
303,SVR,"{'C': 10, 'kernel': 'poly', 'epsilon': 0.1, 'gamma': 'scale', 'degree': 3}",1.0880200649206981,1.0430820029703791,0.7864595430033128,-0.18133984842887685
232,SVR,"{'C': 0.1, 'kernel': 'poly', 'epsilon': 0.1, 'gamma': 0.1, 'degree': 3}",1.0812324341722679,1.0398232706437511,0.7969558528624061,-0.17397004070375366
143,GradientBoostingRegressor,"{'n_estimators': 10, 'learning_rate': 1.0, 'max_depth': 3}",1.0669808657878037,1.0329476587842212,0.7720942547487177,-0.15849611133609653
334,SVR,"{'C': 100, 'kernel': 'linear', 'epsilon': 1, 'gamma': 0.1, 'degree': 3}",1.0588947700130773,1.0290261269827299,0.789439169563083,-0.14971646887831436
369,SVR,"{'C': 1000, 'kernel': 'linear', 'epsilon': 1, 'gamma': 'scale', 'degree': 3}",1.0588947700130773,1.0290261269827299,0.789439169563083,-0.14971646887831436
335,SVR,"{'C': 100, 'kernel': 'linear', 'epsilon': 1, 'gamma': 0.05, 'degree': 3}",1.0588947700130773,1.0290261269827299,0.789439169563083,-0.14971646887831436
297,SVR,"{'C': 10, 'kernel': 'linear', 'epsilon': 1, 'gamma': 'scale', 'degree': 3}",1.0588947700130773,1.0290261269827299,0.789439169563083,-0.14971646887831436
370,SVR,"{'C': 1000, 'kernel': 'linear', 'epsilon': 1, 'gamma': 0.1, 'degree': 3}",1.0588947700130773,1.0290261269827299,0.789439169563083,-0.14971646887831436
333,SVR,"{'C': 100, 'kernel': 'linear', 'epsilon': 1, 'gamma': 'scale', 'degree': 3}",1.0588947700130773,1.0290261269827299,0.789439169563083,-0.14971646887831436
371,SVR,"{'C': 1000, 'kernel': 'linear', 'epsilon': 1, 'gamma': 0.05, 'degree': 3}",1.0588947700130773,1.0290261269827299,0.789439169563083,-0.14971646887831436
298,SVR,"{'C': 10, 'kernel': 'linear', 'epsilon': 1, 'gamma': 0.1, 'degree': 3}",1.0588947700130773,1.0290261269827299,0.789439169563083,-0.14971646887831436
299,SVR,"{'C': 10, 'kernel': 'linear', 'epsilon': 1, 'gamma': 0.05, 'degree': 3}",1.0588947700130773,1.0290261269827299,0.789439169563083,-0.14971646887831436
175,SVR,"{'C': 0.01, 'kernel': 'rbf', 'epsilon': 0.01, 'gamma': 0.1, 'degree': 3}",1.0403871303344858,1.0199936913209247,0.768466919334978,-0.12962142379816943
201,SVR,"{'C': 0.01, 'kernel': 'sigmoid', 'epsilon': 0.01, 'gamma': 'scale', 'degree': 3}",1.0403871303344858,1.0199936913209247,0.768466919334978,-0.12962142379816943
207,SVR,"{'C': 0.01, 'kernel': 'sigmoid', 'epsilon': 1, 'gamma': 'scale', 'degree': 3}",1.0403871303344858,1.0199936913209247,0.768466919334978,-0.12962142379816943
206,SVR,"{'C': 0.01, 'kernel': 'sigmoid', 'epsilon': 0.1, 'gamma': 0.05, 'degree': 3}",1.0403871303344858,1.0199936913209247,0.768466919334978,-0.12962142379816943
205,SVR,"{'C': 0.01, 'kernel': 'sigmoid', 'epsilon': 0.1, 'gamma': 0.1, 'degree': 3}",1.0403871303344858,1.0199936913209247,0.768466919334978,-0.12962142379816943
204,SVR,"{'C': 0.01, 'kernel': 'sigmoid', 'epsilon': 0.1, 'gamma': 'scale', 'degree': 3}",1.0403871303344858,1.0199936913209247,0.768466919334978,-0.12962142379816943
203,SVR,"{'C': 0.01, 'kernel': 'sigmoid', 'epsilon': 0.01, 'gamma': 0.05, 'degree': 3}",1.0403871303344858,1.0199936913209247,0.768466919334978,-0.12962142379816943
202,SVR,"{'C': 0.01, 'kernel': 'sigmoid', 'epsilon': 0.01, 'gamma': 0.1, 'degree': 3}",1.0403871303344858,1.0199936913209247,0.768466919334978,-0.12962142379816943
182,SVR,"{'C': 0.01, 'kernel': 'rbf', 'epsilon': 1, 'gamma': 0.05, 'degree': 3}",1.0403871303344858,1.0199936913209247,0.768466919334978,-0.12962142379816943
208,SVR,"{'C': 0.01, 'kernel': 'sigmoid', 'epsilon': 1, 'gamma': 0.1, 'degree': 3}",1.0403871303344858,1.0199936913209247,0.768466919334978,-0.12962142379816943
174,SVR,"{'C': 0.01, 'kernel': 'rbf', 'epsilon': 0.01, 'gamma': 'scale', 'degree': 3}",1.0403871303344858,1.0199936913209247,0.768466919334978,-0.12962142379816943
181,SVR,"{'C': 0.01, 'kernel': 'rbf', 'epsilon': 1, 'gamma': 0.1, 'degree': 3}",1.0403871303344858,1.0199936913209247,0.768466919334978,-0.12962142379816943
180,SVR,"{'C': 0.01, 'kernel': 'rbf', 'epsilon': 1, 'gamma': 'scale', 'degree': 3}",1.0403871303344858,1.0199936913209247,0.768466919334978,-0.12962142379816943
179,SVR,"{'C': 0.01, 'kernel': 'rbf', 'epsilon': 0.1, 'gamma': 0.05, 'degree': 3}",1.0403871303344858,1.0199936913209247,0.768466919334978,-0.12962142379816943
178,SVR,"{'C': 0.01, 'kernel': 'rbf', 'epsilon': 0.1, 'gamma': 0.1, 'degree': 3}",1.0403871303344858,1.0199936913209247,0.768466919334978,-0.12962142379816943
177,SVR,"{'C': 0.01, 'kernel': 'rbf', 'epsilon': 0.1, 'gamma': 'scale', 'degree': 3}",1.0403871303344858,1.0199936913209247,0.768466919334978,-0.12962142379816943
176,SVR,"{'C': 0.01, 'kernel': 'rbf', 'epsilon': 0.01, 'gamma': 0.05, 'degree': 3}",1.0403871303344858,1.0199936913209247,0.768466919334978,-0.12962142379816943
382,SVR,"{'C': 1000, 'kernel': 'sigmoid', 'epsilon': 0.01, 'gamma': 0.1, 'degree': 3}",1.0403871303344858,1.0199936913209247,0.768466919334978,-0.12962142379816943
209,SVR,"{'C': 0.01, 'kernel': 'sigmoid', 'epsilon': 1, 'gamma': 0.05, 'degree': 3}",1.0403871303344858,1.0199936913209247,0.768466919334978,-0.12962142379816943
349,SVR,"{'C': 100, 'kernel': 'sigmoid', 'epsilon': 0.1, 'gamma': 0.1, 'degree': 3}",1.0403871303344858,1.0199936913209247,0.768466919334978,-0.12962142379816943
313,SVR,"{'C': 10, 'kernel': 'sigmoid', 'epsilon': 0.1, 'gamma': 0.1, 'degree': 3}",1.0403871303344858,1.0199936913209247,0.768466919334978,-0.12962142379816943
314,SVR,"{'C': 10, 'kernel': 'sigmoid', 'epsilon': 0.1, 'gamma': 0.05, 'degree': 3}",1.0403871303344858,1.0199936913209247,0.768466919334978,-0.12962142379816943
316,SVR,"{'C': 10, 'kernel': 'sigmoid', 'epsilon': 1, 'gamma': 0.1, 'degree': 3}",1.0403871303344858,1.0199936913209247,0.768466919334978,-0.12962142379816943
317,SVR,"{'C': 10, 'kernel': 'sigmoid', 'epsilon': 1, 'gamma': 0.05, 'degree': 3}",1.0403871303344858,1.0199936913209247,0.768466919334978,-0.12962142379816943
346,SVR,"{'C': 100, 'kernel': 'sigmoid', 'epsilon': 0.01, 'gamma': 0.1, 'degree': 3}",1.0403871303344858,1.0199936913209247,0.768466919334978,-0.12962142379816943
347,SVR,"{'C': 100, 'kernel': 'sigmoid', 'epsilon': 0.01, 'gamma': 0.05, 'degree': 3}",1.0403871303344858,1.0199936913209247,0.768466919334978,-0.12962142379816943
350,SVR,"{'C': 100, 'kernel': 'sigmoid', 'epsilon': 0.1, 'gamma': 0.05, 'degree': 3}",1.0403871303344858,1.0199936913209247,0.768466919334978,-0.12962142379816943
281,SVR,"{'C': 1, 'kernel': 'sigmoid', 'epsilon': 1, 'gamma': 0.05, 'degree': 3}",1.0403871303344858,1.0199936913209247,0.768466919334978,-0.12962142379816943
352,SVR,"{'C': 100, 'kernel': 'sigmoid', 'epsilon': 1, 'gamma': 0.1, 'degree': 3}",1.0403871303344858,1.0199936913209247,0.768466919334978,-0.12962142379816943
353,SVR,"{'C': 100, 'kernel': 'sigmoid', 'epsilon': 1, 'gamma': 0.05, 'degree': 3}",1.0403871303344858,1.0199936913209247,0.768466919334978,-0.12962142379816943
388,SVR,"{'C': 1000, 'kernel': 'sigmoid', 'epsilon': 1, 'gamma': 0.1, 'degree': 3}",1.0403871303344858,1.0199936913209247,0.768466919334978,-0.12962142379816943
386,SVR,"{'C': 1000, 'kernel': 'sigmoid', 'epsilon': 0.1, 'gamma': 0.05, 'degree': 3}",1.0403871303344858,1.0199936913209247,0.768466919334978,-0.12962142379816943
385,SVR,"{'C': 1000, 'kernel': 'sigmoid', 'epsilon': 0.1, 'gamma': 0.1, 'degree': 3}",1.0403871303344858,1.0199936913209247,0.768466919334978,-0.12962142379816943
383,SVR,"{'C': 1000, 'kernel': 'sigmoid', 'epsilon': 0.01, 'gamma': 0.05, 'degree': 3}",1.0403871303344858,1.0199936913209247,0.768466919334978,-0.12962142379816943
310,SVR,"{'C': 10, 'kernel': 'sigmoid', 'epsilon': 0.01, 'gamma': 0.1, 'degree': 3}",1.0403871303344858,1.0199936913209247,0.768466919334978,-0.12962142379816943
280,SVR,"{'C': 1, 'kernel': 'sigmoid', 'epsilon': 1, 'gamma': 0.1, 'degree': 3}",1.0403871303344858,1.0199936913209247,0.768466919334978,-0.12962142379816943
237,SVR,"{'C': 0.1, 'kernel': 'sigmoid', 'epsilon': 0.01, 'gamma': 'scale', 'degree': 3}",1.0403871303344858,1.0199936913209247,0.768466919334978,-0.12962142379816943
244,SVR,"{'C': 0.1, 'kernel': 'sigmoid', 'epsilon': 1, 'gamma': 0.1, 'degree': 3}",1.0403871303344858,1.0199936913209247,0.768466919334978,-0.12962142379816943
238,SVR,"{'C': 0.1, 'kernel': 'sigmoid', 'epsilon': 0.01, 'gamma': 0.1, 'degree': 3}",1.0403871303344858,1.0199936913209247,0.768466919334978,-0.12962142379816943
239,SVR,"{'C': 0.1, 'kernel': 'sigmoid', 'epsilon': 0.01, 'gamma': 0.05, 'degree': 3}",1.0403871303344858,1.0199936913209247,0.768466919334978,-0.12962142379816943
240,SVR,"{'C': 0.1, 'kernel': 'sigmoid', 'epsilon': 0.1, 'gamma': 'scale', 'degree': 3}",1.0403871303344858,1.0199936913209247,0.768466919334978,-0.12962142379816943
241,SVR,"{'C': 0.1, 'kernel': 'sigmoid', 'epsilon': 0.1, 'gamma': 0.1, 'degree': 3}",1.0403871303344858,1.0199936913209247,0.768466919334978,-0.12962142379816943
242,SVR,"{'C': 0.1, 'kernel': 'sigmoid', 'epsilon': 0.1, 'gamma': 0.05, 'degree': 3}",1.0403871303344858,1.0199936913209247,0.768466919334978,-0.12962142379816943
243,SVR,"{'C': 0.1, 'kernel': 'sigmoid', 'epsilon': 1, 'gamma': 'scale', 'degree': 3}",1.0403871303344858,1.0199936913209247,0.768466919334978,-0.12962142379816943
245,SVR,"{'C': 0.1, 'kernel': 'sigmoid', 'epsilon': 1, 'gamma': 0.05, 'degree': 3}",1.0403871303344858,1.0199936913209247,0.768466919334978,-0.12962142379816943
279,SVR,"{'C': 1, 'kernel': 'sigmoid', 'epsilon': 1, 'gamma': 'scale', 'degree': 3}",1.0403871303344858,1.0199936913209247,0.768466919334978,-0.12962142379816943
273,SVR,"{'C': 1, 'kernel': 'sigmoid', 'epsilon': 0.01, 'gamma': 'scale', 'degree': 3}",1.0403871303344858,1.0199936913209247,0.768466919334978,-0.12962142379816943
274,SVR,"{'C': 1, 'kernel': 'sigmoid', 'epsilon': 0.01, 'gamma': 0.1, 'degree': 3}",1.0403871303344858,1.0199936913209247,0.768466919334978,-0.12962142379816943
275,SVR,"{'C': 1, 'kernel': 'sigmoid', 'epsilon': 0.01, 'gamma': 0.05, 'degree': 3}",1.0403871303344858,1.0199936913209247,0.768466919334978,-0.12962142379816943
276,SVR,"{'C': 1, 'kernel': 'sigmoid', 'epsilon': 0.1, 'gamma': 'scale', 'degree': 3}",1.0403871303344858,1.0199936913209247,0.768466919334978,-0.12962142379816943
277,SVR,"{'C': 1, 'kernel': 'sigmoid', 'epsilon': 0.1, 'gamma': 0.1, 'degree': 3}",1.0403871303344858,1.0199936913209247,0.768466919334978,-0.12962142379816943
278,SVR,"{'C': 1, 'kernel': 'sigmoid', 'epsilon': 0.1, 'gamma': 0.05, 'degree': 3}",1.0403871303344858,1.0199936913209247,0.768466919334978,-0.12962142379816943
311,SVR,"{'C': 10, 'kernel': 'sigmoid', 'epsilon': 0.01, 'gamma': 0.05, 'degree': 3}",1.0403871303344858,1.0199936913209247,0.768466919334978,-0.12962142379816943
389,SVR,"{'C': 1000, 'kernel': 'sigmoid', 'epsilon': 1, 'gamma': 0.05, 'degree': 3}",1.0403871303344858,1.0199936913209247,0.768466919334978,-0.12962142379816943
129,MLPRegressor,"{'hidden_layer_sizes': (50, 50), 'activation': 'tanh', 'alpha': 0.0001, 'max_iter': 500}",1.0403871303344858,1.0199936913209247,0.768466919334978,-0.12962142379816943
97,MLPRegressor,"{'hidden_layer_sizes': (50,), 'activation': 'tanh', 'alpha': 0.001, 'max_iter': 1000}",1.0403871303344858,1.0199936913209247,0.768466919334978,-0.12962142379816943
94,MLPRegressor,"{'hidden_layer_sizes': (50,), 'activation': 'tanh', 'alpha': 0.0001, 'max_iter': 1000}",1.0403871303344858,1.0199936913209247,0.768466919334978,-0.12962142379816943
132,MLPRegressor,"{'hidden_layer_sizes': (50, 50), 'activation': 'tanh', 'alpha': 0.001, 'max_iter': 500}",1.0403871303344858,1.0199936913209247,0.768466919334978,-0.12962142379816943
136,MLPRegressor,"{'hidden_layer_sizes': (50, 50), 'activation': 'tanh', 'alpha': 0.01, 'max_iter': 1000}",1.0403871303344858,1.0199936913209247,0.768466919334978,-0.12962142379816943
214,SVR,"{'C': 0.1, 'kernel': 'rbf', 'epsilon': 0.1, 'gamma': 0.1, 'degree': 3}",1.0398080710939295,1.019709797488447,0.7686471106662276,-0.12899269848553474
211,SVR,"{'C': 0.1, 'kernel': 'rbf', 'epsilon': 0.01, 'gamma': 0.1, 'degree': 3}",1.0389461929767383,1.0192871003680652,0.7676776035086238,-0.12805689684257415
212,SVR,"{'C': 0.1, 'kernel': 'rbf', 'epsilon': 0.01, 'gamma': 0.05, 'degree': 3}",0.9898312983830806,0.9949026577424952,0.7497213779482954,-0.07472940408250195
230,SVR,"{'C': 0.1, 'kernel': 'poly', 'epsilon': 0.01, 'gamma': 0.05, 'degree': 3}",0.9865296962354376,0.9932420129230527,0.7408626053039302,-0.07114462260059673
215,SVR,"{'C': 0.1, 'kernel': 'rbf', 'epsilon': 0.1, 'gamma': 0.05, 'degree': 3}",0.9793208304747556,0.9896064017955601,0.7447373109319307,-0.06331745041909032
354,SVR,"{'C': 1000, 'kernel': 'rbf', 'epsilon': 0.01, 'gamma': 'scale', 'degree': 3}",0.9622120844626446,0.9809240971974562,0.7415255255740006,-0.044741282504182855
217,SVR,"{'C': 0.1, 'kernel': 'rbf', 'epsilon': 1, 'gamma': 0.1, 'degree': 3}",0.9505722450604226,0.9749729458094838,0.7379834017978537,-0.032103090839804116
233,SVR,"{'C': 0.1, 'kernel': 'poly', 'epsilon': 0.1, 'gamma': 0.05, 'degree': 3}",0.9495069845516818,0.9744264900707912,0.73027641643744,-0.030946462641017414
263,SVR,"{'C': 1, 'kernel': 'linear', 'epsilon': 1, 'gamma': 0.05, 'degree': 3}",0.9449140724030145,0.9720669073695568,0.7510892070477746,-0.025959615140232373
262,SVR,"{'C': 1, 'kernel': 'linear', 'epsilon': 1, 'gamma': 0.1, 'degree': 3}",0.9449140724030145,0.9720669073695568,0.7510892070477746,-0.025959615140232373
261,SVR,"{'C': 1, 'kernel': 'linear', 'epsilon': 1, 'gamma': 'scale', 'degree': 3}",0.9449140724030145,0.9720669073695568,0.7510892070477746,-0.025959615140232373
213,SVR,"{'C': 0.1, 'kernel': 'rbf', 'epsilon': 0.1, 'gamma': 'scale', 'degree': 3}",0.9282208217611131,0.9634421735429237,0.7356821998777262,-0.007834579748971837
210,SVR,"{'C': 0.1, 'kernel': 'rbf', 'epsilon': 0.01, 'gamma': 'scale', 'degree': 3}",0.9256945865654658,0.9621302336822525,0.7344595365783149,-0.0050916686581372606
193,SVR,"{'C': 0.01, 'kernel': 'poly', 'epsilon': 0.01, 'gamma': 0.1, 'degree': 3}",0.9242325936540023,0.9613701647409297,0.719453680606206,-0.003504280208129096
192,SVR,"{'C': 0.01, 'kernel': 'poly', 'epsilon': 0.01, 'gamma': 'scale', 'degree': 3}",0.9235944333045816,0.9610382059546757,0.7297235498639426,-0.0028113846680886123
166,GradientBoostingRegressor,"{'n_estimators': 200, 'learning_rate': 0.5, 'max_depth': 7}",0.9214995751831971,0.9599476939829571,0.7186261707260255,-0.0005368499831270857
196,SVR,"{'C': 0.01, 'kernel': 'poly', 'epsilon': 0.1, 'gamma': 0.1, 'degree': 3}",0.9214537110521822,0.959923804815873,0.7161302689629473,-0.0004870520728417205
357,SVR,"{'C': 1000, 'kernel': 'rbf', 'epsilon': 0.1, 'gamma': 'scale', 'degree': 3}",0.9207819812698999,0.9595738539945218,0.7263875573319387,0.000242292159651325
344,SVR,"{'C': 100, 'kernel': 'poly', 'epsilon': 1, 'gamma': 0.05, 'degree': 3}",0.9201800668306657,0.9592601663942195,0.7392715419208371,0.0008958329677096755
199,SVR,"{'C': 0.01, 'kernel': 'poly', 'epsilon': 1, 'gamma': 0.1, 'degree': 3}",0.9201800668306657,0.9592601663942195,0.7392715419208371,0.0008958329677096755
235,SVR,"{'C': 0.1, 'kernel': 'poly', 'epsilon': 1, 'gamma': 0.1, 'degree': 3}",0.9201800668306657,0.9592601663942195,0.7392715419208371,0.0008958329677096755
380,SVR,"{'C': 1000, 'kernel': 'poly', 'epsilon': 1, 'gamma': 0.05, 'degree': 3}",0.9201800668306657,0.9592601663942195,0.7392715419208371,0.0008958329677096755
343,SVR,"{'C': 100, 'kernel': 'poly', 'epsilon': 1, 'gamma': 0.1, 'degree': 3}",0.9201800668306657,0.9592601663942195,0.7392715419208371,0.0008958329677096755
236,SVR,"{'C': 0.1, 'kernel': 'poly', 'epsilon': 1, 'gamma': 0.05, 'degree': 3}",0.9201800668306657,0.9592601663942195,0.7392715419208371,0.0008958329677096755
308,SVR,"{'C': 10, 'kernel': 'poly', 'epsilon': 1, 'gamma': 0.05, 'degree': 3}",0.9201800668306657,0.9592601663942195,0.7392715419208371,0.0008958329677096755
307,SVR,"{'C': 10, 'kernel': 'poly', 'epsilon': 1, 'gamma': 0.1, 'degree': 3}",0.9201800668306657,0.9592601663942195,0.7392715419208371,0.0008958329677096755
272,SVR,"{'C': 1, 'kernel': 'poly', 'epsilon': 1, 'gamma': 0.05, 'degree': 3}",0.9201800668306657,0.9592601663942195,0.7392715419208371,0.0008958329677096755
271,SVR,"{'C': 1, 'kernel': 'poly', 'epsilon': 1, 'gamma': 0.1, 'degree': 3}",0.9201800668306657,0.9592601663942195,0.7392715419208371,0.0008958329677096755
379,SVR,"{'C': 1000, 'kernel': 'poly', 'epsilon': 1, 'gamma': 0.1, 'degree': 3}",0.9201800668306657,0.9592601663942195,0.7392715419208371,0.0008958329677096755
378,SVR,"{'C': 1000, 'kernel': 'poly', 'epsilon': 1, 'gamma': 'scale', 'degree': 3}",0.9194382238903788,0.9588734139032007,0.7386997866321007,0.0017013039832654009
306,SVR,"{'C': 10, 'kernel': 'poly', 'epsilon': 1, 'gamma': 'scale', 'degree': 3}",0.9194382238903788,0.9588734139032007,0.7386997866321007,0.0017013039832654009
342,SVR,"{'C': 100, 'kernel': 'poly', 'epsilon': 1, 'gamma': 'scale', 'degree': 3}",0.9194382238903788,0.9588734139032007,0.7386997866321007,0.0017013039832654009
195,SVR,"{'C': 0.01, 'kernel': 'poly', 'epsilon': 0.1, 'gamma': 'scale', 'degree': 3}",0.9153336916907251,0.9567307310266171,0.7300779340440061,0.006157883051008617
253,SVR,"{'C': 1, 'kernel': 'rbf', 'epsilon': 1, 'gamma': 0.1, 'degree': 3}",0.9145991961323277,0.9563467970000881,0.7832189372573126,0.006955376497687182
103,MLPRegressor,"{'hidden_layer_sizes': (100,), 'activation': 'relu', 'alpha': 0.0001, 'max_iter': 1000}",0.9128182793345432,0.9554152392203837,0.728014312386878,0.008889043024427612
270,SVR,"{'C': 1, 'kernel': 'poly', 'epsilon': 1, 'gamma': 'scale', 'degree': 3}",0.9068834835351371,0.9523043019618976,0.7427674800413917,0.015332867909805703
142,GradientBoostingRegressor,"{'n_estimators': 10, 'learning_rate': 0.5, 'max_depth': 7}",0.9045444923587931,0.9510754398883366,0.7131983006465028,0.017872475009735544
318,SVR,"{'C': 100, 'kernel': 'rbf', 'epsilon': 0.01, 'gamma': 'scale', 'degree': 3}",0.9020287486838509,0.9497519406054672,0.7157297551546589,0.020603994719217034
325,SVR,"{'C': 100, 'kernel': 'rbf', 'epsilon': 1, 'gamma': 0.1, 'degree': 3}",0.9006056858876,0.9490024688522154,0.7902983680833232,0.02214911400720576
289,SVR,"{'C': 10, 'kernel': 'rbf', 'epsilon': 1, 'gamma': 0.1, 'degree': 3}",0.9006056858876,0.9490024688522154,0.7902983680833232,0.02214911400720576
361,SVR,"{'C': 1000, 'kernel': 'rbf', 'epsilon': 1, 'gamma': 0.1, 'degree': 3}",0.9006056858876,0.9490024688522154,0.7902983680833232,0.02214911400720576
154,GradientBoostingRegressor,"{'n_estimators': 100, 'learning_rate': 0.5, 'max_depth': 7}",0.8879180268765874,0.9422940235810622,0.7053041784764449,0.03592499705958252
321,SVR,"{'C': 100, 'kernel': 'rbf', 'epsilon': 0.1, 'gamma': 'scale', 'degree': 3}",0.8795379679177121,0.9378368557045048,0.7077986228759072,0.045023816005558825
153,GradientBoostingRegressor,"{'n_estimators': 100, 'learning_rate': 0.5, 'max_depth': 5}",0.8756683964007892,0.9357715513953121,0.7131880440478581,0.0492252817474792
185,SVR,"{'C': 0.01, 'kernel': 'linear', 'epsilon': 0.01, 'gamma': 0.05, 'degree': 3}",0.8729570780103121,0.9343217208276344,0.706868014551573,0.052169150670229425
184,SVR,"{'C': 0.01, 'kernel': 'linear', 'epsilon': 0.01, 'gamma': 0.1, 'degree': 3}",0.8729570780103121,0.9343217208276344,0.706868014551573,0.052169150670229425
183,SVR,"{'C': 0.01, 'kernel': 'linear', 'epsilon': 0.01, 'gamma': 'scale', 'degree': 3}",0.8729570780103121,0.9343217208276344,0.706868014551573,0.052169150670229425
141,GradientBoostingRegressor,"{'n_estimators': 10, 'learning_rate': 0.5, 'max_depth': 5}",0.870870764208788,0.9332045671817021,0.7126432536618997,0.05443440818664036
254,SVR,"{'C': 1, 'kernel': 'rbf', 'epsilon': 1, 'gamma': 0.05, 'degree': 3}",0.8696920033046955,0.932572787134975,0.7578333768425826,0.055714271741248544
165,GradientBoostingRegressor,"{'n_estimators': 200, 'learning_rate': 0.5, 'max_depth': 5}",0.8585607624863216,0.9265855397567575,0.7045040501804705,0.06780024217981906
188,SVR,"{'C': 0.01, 'kernel': 'linear', 'epsilon': 0.1, 'gamma': 0.05, 'degree': 3}",0.8535175159873281,0.9238601171104466,0.7022683167658221,0.07327604933338006
187,SVR,"{'C': 0.01, 'kernel': 'linear', 'epsilon': 0.1, 'gamma': 0.1, 'degree': 3}",0.8535175159873281,0.9238601171104466,0.7022683167658221,0.07327604933338006
186,SVR,"{'C': 0.01, 'kernel': 'linear', 'epsilon': 0.1, 'gamma': 'scale', 'degree': 3}",0.8535175159873281,0.9238601171104466,0.7022683167658221,0.07327604933338006
288,SVR,"{'C': 10, 'kernel': 'rbf', 'epsilon': 1, 'gamma': 'scale', 'degree': 3}",0.8488442519053407,0.9213274401130908,0.7402474627878571,0.078350140575149
200,SVR,"{'C': 0.01, 'kernel': 'poly', 'epsilon': 1, 'gamma': 0.05, 'degree': 3}",0.847606124836752,0.9206552692711599,0.7226645298566133,0.07969446214668996
360,SVR,"{'C': 1000, 'kernel': 'rbf', 'epsilon': 1, 'gamma': 'scale', 'degree': 3}",0.8471078598452301,0.9203846260369792,0.72979422737074,0.08023546346508459
324,SVR,"{'C': 100, 'kernel': 'rbf', 'epsilon': 1, 'gamma': 'scale', 'degree': 3}",0.8471078598452301,0.9203846260369792,0.72979422737074,0.08023546346508459
218,SVR,"{'C': 0.1, 'kernel': 'rbf', 'epsilon': 1, 'gamma': 0.05, 'degree': 3}",0.8466906715246078,0.9201579600941393,0.709061672909164,0.08068843414397198
198,SVR,"{'C': 0.01, 'kernel': 'poly', 'epsilon': 1, 'gamma': 'scale', 'degree': 3}",0.8444429235242269,0.9189357559286867,0.7181460275806387,0.08312897211536485
152,GradientBoostingRegressor,"{'n_estimators': 100, 'learning_rate': 0.5, 'max_depth': 3}",0.8436842955257994,0.9185228878617012,0.7000929767321755,0.08395266784816513
216,SVR,"{'C': 0.1, 'kernel': 'rbf', 'epsilon': 1, 'gamma': 'scale', 'degree': 3}",0.8422876404450617,0.9177623006231307,0.7125568398547437,0.08546911442353822
290,SVR,"{'C': 10, 'kernel': 'rbf', 'epsilon': 1, 'gamma': 0.05, 'degree': 3}",0.8409800738825436,0.9170496572610142,0.7453903306987841,0.08688883133371139
362,SVR,"{'C': 1000, 'kernel': 'rbf', 'epsilon': 1, 'gamma': 0.05, 'degree': 3}",0.8409800738825436,0.9170496572610142,0.7453903306987841,0.08688883133371139
326,SVR,"{'C': 100, 'kernel': 'rbf', 'epsilon': 1, 'gamma': 0.05, 'degree': 3}",0.8409800738825436,0.9170496572610142,0.7453903306987841,0.08688883133371139
189,SVR,"{'C': 0.01, 'kernel': 'linear', 'epsilon': 1, 'gamma': 'scale', 'degree': 3}",0.8392536346723176,0.9161078728361184,0.7133859114968863,0.08876334771506023
191,SVR,"{'C': 0.01, 'kernel': 'linear', 'epsilon': 1, 'gamma': 0.05, 'degree': 3}",0.8392536346723176,0.9161078728361184,0.7133859114968863,0.08876334771506023
190,SVR,"{'C': 0.01, 'kernel': 'linear', 'epsilon': 1, 'gamma': 0.1, 'degree': 3}",0.8392536346723176,0.9161078728361184,0.7133859114968863,0.08876334771506023
117,MLPRegressor,"{'hidden_layer_sizes': (100,), 'activation': 'tanh', 'alpha': 0.01, 'max_iter': 500}",0.8349763363348814,0.9137703958516502,0.6766817723337242,0.09340751112026391
164,GradientBoostingRegressor,"{'n_estimators': 200, 'learning_rate': 0.5, 'max_depth': 3}",0.834788891306812,0.9136678232852529,0.6936075244404044,0.09361103336051257
130,MLPRegressor,"{'hidden_layer_sizes': (50, 50), 'activation': 'tanh', 'alpha': 0.0001, 'max_iter': 1000}",0.8317708631980163,0.9120147275115771,0.6788001648312824,0.0968879185794066
89,MLPRegressor,"{'hidden_layer_sizes': (50,), 'activation': 'relu', 'alpha': 0.01, 'max_iter': 200}",0.8311787035084377,0.9116900260003055,0.6931183237919485,0.09753086797021915
98,MLPRegressor,"{'hidden_layer_sizes': (50,), 'activation': 'tanh', 'alpha': 0.01, 'max_iter': 200}",0.8305302238970292,0.9113343096235482,0.6849962767643792,0.09823496785821728
140,GradientBoostingRegressor,"{'n_estimators': 10, 'learning_rate': 0.5, 'max_depth': 3}",0.8275541954001271,0.9097000579312541,0.688311109888076,0.10146625114682717
252,SVR,"{'C': 1, 'kernel': 'rbf', 'epsilon': 1, 'gamma': 'scale', 'degree': 3}",0.8268956867486544,0.9093380486643317,0.7194076005337079,0.10218124026844466
257,SVR,"{'C': 1, 'kernel': 'linear', 'epsilon': 0.01, 'gamma': 0.05, 'degree': 3}",0.8259851616969607,0.908837258092427,0.6917780653342285,0.1031698613070069
256,SVR,"{'C': 1, 'kernel': 'linear', 'epsilon': 0.01, 'gamma': 0.1, 'degree': 3}",0.8259851616969607,0.908837258092427,0.6917780653342285,0.1031698613070069
255,SVR,"{'C': 1, 'kernel': 'linear', 'epsilon': 0.01, 'gamma': 'scale', 'degree': 3}",0.8259851616969607,0.908837258092427,0.6917780653342285,0.1031698613070069
260,SVR,"{'C': 1, 'kernel': 'linear', 'epsilon': 0.1, 'gamma': 0.05, 'degree': 3}",0.8252283596873936,0.9084208054020965,0.6921129062551022,0.10399157443537443
259,SVR,"{'C': 1, 'kernel': 'linear', 'epsilon': 0.1, 'gamma': 0.1, 'degree': 3}",0.8252283596873936,0.9084208054020965,0.6921129062551022,0.10399157443537443
258,SVR,"{'C': 1, 'kernel': 'linear', 'epsilon': 0.1, 'gamma': 'scale', 'degree': 3}",0.8252283596873936,0.9084208054020965,0.6921129062551022,0.10399157443537443
87,MLPRegressor,"{'hidden_layer_sizes': (50,), 'activation': 'relu', 'alpha': 0.001, 'max_iter': 500}",0.8216961174024641,0.9064745541946911,0.7133460194177047,0.10782677812327413
225,SVR,"{'C': 0.1, 'kernel': 'linear', 'epsilon': 1, 'gamma': 'scale', 'degree': 3}",0.8117524352468478,0.9009730491234729,0.7036181671346918,0.11862333266236424
226,SVR,"{'C': 0.1, 'kernel': 'linear', 'epsilon': 1, 'gamma': 0.1, 'degree': 3}",0.8117524352468478,0.9009730491234729,0.7036181671346918,0.11862333266236424
227,SVR,"{'C': 0.1, 'kernel': 'linear', 'epsilon': 1, 'gamma': 0.05, 'degree': 3}",0.8117524352468478,0.9009730491234729,0.7036181671346918,0.11862333266236424
123,MLPRegressor,"{'hidden_layer_sizes': (50, 50), 'activation': 'relu', 'alpha': 0.001, 'max_iter': 500}",0.8097682884889779,0.8998712621753058,0.6832360519658459,0.12077766023937775
126,MLPRegressor,"{'hidden_layer_sizes': (50, 50), 'activation': 'relu', 'alpha': 0.01, 'max_iter': 500}",0.8064911427021161,0.8980485191247275,0.6732592333325876,0.12433588773163717
93,MLPRegressor,"{'hidden_layer_sizes': (50,), 'activation': 'tanh', 'alpha': 0.0001, 'max_iter': 500}",0.8064659724152161,0.8980345051361981,0.6697381678412244,0.12436321688104357
124,MLPRegressor,"{'hidden_layer_sizes': (50, 50), 'activation': 'relu', 'alpha': 0.001, 'max_iter': 1000}",0.8063025704905754,0.8979435229960598,0.6947328876493937,0.12454063383419689
139,GradientBoostingRegressor,"{'n_estimators': 10, 'learning_rate': 0.1, 'max_depth': 7}",0.8040606277767578,0.8966942777651465,0.684263206241442,0.1269748685979838
104,MLPRegressor,"{'hidden_layer_sizes': (100,), 'activation': 'relu', 'alpha': 0.001, 'max_iter': 200}",0.8039585981351673,0.8966373838599232,0.6780181008579056,0.1270856493503042
110,MLPRegressor,"{'hidden_layer_sizes': (100,), 'activation': 'tanh', 'alpha': 0.0001, 'max_iter': 200}",0.7993920094597233,0.8940872493552983,0.6719452506882001,0.13204391560624806
137,GradientBoostingRegressor,"{'n_estimators': 10, 'learning_rate': 0.1, 'max_depth': 3}",0.7989111071946488,0.8938182741444979,0.6879684606786415,0.13256606499231993
249,SVR,"{'C': 1, 'kernel': 'rbf', 'epsilon': 0.1, 'gamma': 'scale', 'degree': 3}",0.79629438778549,0.8923532864205129,0.6771627663229038,0.13540722115281945
114,MLPRegressor,"{'hidden_layer_sizes': (100,), 'activation': 'tanh', 'alpha': 0.001, 'max_iter': 500}",0.7959746735127542,0.8921741273500113,0.6640106719538595,0.13575435740762898
121,MLPRegressor,"{'hidden_layer_sizes': (50, 50), 'activation': 'relu', 'alpha': 0.0001, 'max_iter': 1000}",0.7958212585753447,0.8920881450705108,0.6804433434347085,0.1359209307868795
109,MLPRegressor,"{'hidden_layer_sizes': (100,), 'activation': 'relu', 'alpha': 0.01, 'max_iter': 1000}",0.7944957575632687,0.891344915037534,0.6756438907310497,0.1373601203893362
120,MLPRegressor,"{'hidden_layer_sizes': (50, 50), 'activation': 'relu', 'alpha': 0.0001, 'max_iter': 500}",0.7940587690448255,0.8910997525781418,0.6681318772991486,0.13783458953451722
246,SVR,"{'C': 1, 'kernel': 'rbf', 'epsilon': 0.01, 'gamma': 'scale', 'degree': 3}",0.7920623217193614,0.8899788321748789,0.6740897829279837,0.14000227270222798
163,GradientBoostingRegressor,"{'n_estimators': 200, 'learning_rate': 0.1, 'max_depth': 7}",0.7911233134292376,0.8894511304333913,0.6758068406338011,0.1410218199945007
234,SVR,"{'C': 0.1, 'kernel': 'poly', 'epsilon': 1, 'gamma': 'scale', 'degree': 3}",0.7889884003378856,0.8882501901704754,0.6974470412206184,0.14333984517534182
102,MLPRegressor,"{'hidden_layer_sizes': (100,), 'activation': 'relu', 'alpha': 0.0001, 'max_iter': 500}",0.7887229814244319,0.8881007721111562,0.6924383854295935,0.14362802914280615
85,MLPRegressor,"{'hidden_layer_sizes': (50,), 'activation': 'relu', 'alpha': 0.0001, 'max_iter': 1000}",0.7870424286281279,0.8871541177428688,0.6688802704160905,0.14545272341975135
96,MLPRegressor,"{'hidden_layer_sizes': (50,), 'activation': 'tanh', 'alpha': 0.001, 'max_iter': 500}",0.7868407042867954,0.8870404186319784,0.6631260330750491,0.14567174971393237
90,MLPRegressor,"{'hidden_layer_sizes': (50,), 'activation': 'relu', 'alpha': 0.01, 'max_iter': 500}",0.785067884087823,0.8860405657123285,0.6771097591417687,0.14759662519432937
95,MLPRegressor,"{'hidden_layer_sizes': (50,), 'activation': 'tanh', 'alpha': 0.001, 'max_iter': 200}",0.7840948517658323,0.8854913053022216,0.6851788535045352,0.1486531147691431
112,MLPRegressor,"{'hidden_layer_sizes': (100,), 'activation': 'tanh', 'alpha': 0.0001, 'max_iter': 1000}",0.7823223248496308,0.8844898670135406,0.6602908188457026,0.15057767181182424
86,MLPRegressor,"{'hidden_layer_sizes': (50,), 'activation': 'relu', 'alpha': 0.001, 'max_iter': 200}",0.7800306449644924,0.8831934357571349,0.6733355659526156,0.1530659097179462
127,MLPRegressor,"{'hidden_layer_sizes': (50, 50), 'activation': 'relu', 'alpha': 0.01, 'max_iter': 1000}",0.7798702022291301,0.8831026000579605,0.6646550370044335,0.15324011367133394
84,MLPRegressor,"{'hidden_layer_sizes': (50,), 'activation': 'relu', 'alpha': 0.0001, 'max_iter': 500}",0.7787673831774923,0.8824779788626412,0.6863466345291798,0.15443752181968573
122,MLPRegressor,"{'hidden_layer_sizes': (50, 50), 'activation': 'relu', 'alpha': 0.001, 'max_iter': 200}",0.7777043592854712,0.8818754783332345,0.6753107835781653,0.1555917215665149
131,MLPRegressor,"{'hidden_layer_sizes': (50, 50), 'activation': 'tanh', 'alpha': 0.001, 'max_iter': 200}",0.7772370884738063,0.8816105083730605,0.6709708068036574,0.15609907032562775
92,MLPRegressor,"{'hidden_layer_sizes': (50,), 'activation': 'tanh', 'alpha': 0.0001, 'max_iter': 200}",0.7771132853390157,0.8815402913871921,0.6720736124024065,0.1562334920897147
83,MLPRegressor,"{'hidden_layer_sizes': (50,), 'activation': 'relu', 'alpha': 0.0001, 'max_iter': 200}",0.777042419344947,0.8815000960549846,0.6856275384800788,0.1563104362797999
88,MLPRegressor,"{'hidden_layer_sizes': (50,), 'activation': 'relu', 'alpha': 0.001, 'max_iter': 1000}",0.7769621338032896,0.8814545557221255,0.6648192969650146,0.15639760793468993
119,MLPRegressor,"{'hidden_layer_sizes': (50, 50), 'activation': 'relu', 'alpha': 0.0001, 'max_iter': 200}",0.7756683247459096,0.8807203442330088,0.675566739382306,0.15780238735468388
221,SVR,"{'C': 0.1, 'kernel': 'linear', 'epsilon': 0.01, 'gamma': 0.05, 'degree': 3}",0.7751117401469311,0.8804043049343472,0.6621939135619342,0.15840671036948328
220,SVR,"{'C': 0.1, 'kernel': 'linear', 'epsilon': 0.01, 'gamma': 0.1, 'degree': 3}",0.7751117401469311,0.8804043049343472,0.6621939135619342,0.15840671036948328
219,SVR,"{'C': 0.1, 'kernel': 'linear', 'epsilon': 0.01, 'gamma': 'scale', 'degree': 3}",0.7751117401469311,0.8804043049343472,0.6621939135619342,0.15840671036948328
105,MLPRegressor,"{'hidden_layer_sizes': (100,), 'activation': 'relu', 'alpha': 0.001, 'max_iter': 500}",0.7744569797655367,0.8800323742712746,0.6707912610833909,0.15911762973085553
108,MLPRegressor,"{'hidden_layer_sizes': (100,), 'activation': 'relu', 'alpha': 0.01, 'max_iter': 500}",0.7742167379876431,0.879895867695515,0.671875861866577,0.1593784771128418
264,SVR,"{'C': 1, 'kernel': 'poly', 'epsilon': 0.01, 'gamma': 'scale', 'degree': 3}",0.77292135944444,0.8791594618978061,0.6683201368927153,0.16078496063389458
151,GradientBoostingRegressor,"{'n_estimators': 100, 'learning_rate': 0.1, 'max_depth': 7}",0.7718668767379643,0.8785595464952642,0.6672791284627172,0.16192988661531904
106,MLPRegressor,"{'hidden_layer_sizes': (100,), 'activation': 'relu', 'alpha': 0.001, 'max_iter': 1000}",0.771160505921455,0.8781574493913122,0.6715112732206397,0.162696843053177
247,SVR,"{'C': 1, 'kernel': 'rbf', 'epsilon': 0.01, 'gamma': 0.1, 'degree': 3}",0.7687371634808232,0.8767765755771667,0.6522564841877588,0.16532803624878778
101,MLPRegressor,"{'hidden_layer_sizes': (100,), 'activation': 'relu', 'alpha': 0.0001, 'max_iter': 200}",0.7682077104346635,0.8764745920074715,0.6644523003428988,0.16590290062993884
138,GradientBoostingRegressor,"{'n_estimators': 10, 'learning_rate': 0.1, 'max_depth': 5}",0.7663381247143988,0.8754074049917552,0.6718826318333606,0.16793284123729635
125,MLPRegressor,"{'hidden_layer_sizes': (50, 50), 'activation': 'relu', 'alpha': 0.01, 'max_iter': 200}",0.7650326967567832,0.8746614755188337,0.6669806940218125,0.16935023611383004
118,MLPRegressor,"{'hidden_layer_sizes': (100,), 'activation': 'tanh', 'alpha': 0.01, 'max_iter': 1000}",0.7644003014583773,0.8742998921756638,0.6499645618779506,0.17003687213282692
173,XGBRegressor,{},0.7641524978771012,0.8741581652522049,0.6651972518916984,0.17030592989617455
356,SVR,"{'C': 1000, 'kernel': 'rbf', 'epsilon': 0.01, 'gamma': 0.05, 'degree': 3}",0.7630456494375061,0.8735248419120696,0.667704387457207,0.17150771303420909
320,SVR,"{'C': 100, 'kernel': 'rbf', 'epsilon': 0.01, 'gamma': 0.05, 'degree': 3}",0.7630456494375061,0.8735248419120696,0.667704387457207,0.17150771303420909
228,SVR,"{'C': 0.1, 'kernel': 'poly', 'epsilon': 0.01, 'gamma': 'scale', 'degree': 3}",0.7623299994144455,0.8731151123502819,0.6622040289664936,0.17228474455874465
100,MLPRegressor,"{'hidden_layer_sizes': (50,), 'activation': 'tanh', 'alpha': 0.01, 'max_iter': 1000}",0.7621237997360241,0.8729970216077625,0.6568684523917633,0.1725086300409211
111,MLPRegressor,"{'hidden_layer_sizes': (100,), 'activation': 'tanh', 'alpha': 0.0001, 'max_iter': 500}",0.7613893749839805,0.872576286054108,0.6573667315375554,0.17330604660816495
231,SVR,"{'C': 0.1, 'kernel': 'poly', 'epsilon': 0.1, 'gamma': 'scale', 'degree': 3}",0.7601617753358312,0.8718725682895587,0.6616695215890481,0.17463893781948814
323,SVR,"{'C': 100, 'kernel': 'rbf', 'epsilon': 0.1, 'gamma': 0.05, 'degree': 3}",0.7578884248493953,0.8705678749238311,0.6658745617878284,0.17710727420928407
359,SVR,"{'C': 1000, 'kernel': 'rbf', 'epsilon': 0.1, 'gamma': 0.05, 'degree': 3}",0.7578884248493953,0.8705678749238311,0.6658745617878284,0.17710727420928407
91,MLPRegressor,"{'hidden_layer_sizes': (50,), 'activation': 'relu', 'alpha': 0.01, 'max_iter': 1000}",0.7578552900782994,0.8705488441657363,0.6651010274024629,0.17714325095891048
250,SVR,"{'C': 1, 'kernel': 'rbf', 'epsilon': 0.1, 'gamma': 0.1, 'degree': 3}",0.7577307513804599,0.8704773123869799,0.6492202566876566,0.17727847137549346
99,MLPRegressor,"{'hidden_layer_sizes': (50,), 'activation': 'tanh', 'alpha': 0.01, 'max_iter': 500}",0.7545191359779545,0.8686306096252621,0.652983276679269,0.18076554792410848
115,MLPRegressor,"{'hidden_layer_sizes': (100,), 'activation': 'tanh', 'alpha': 0.001, 'max_iter': 1000}",0.7533944870223737,0.8679829992703623,0.6530422667178155,0.18198665833333472
107,MLPRegressor,"{'hidden_layer_sizes': (100,), 'activation': 'relu', 'alpha': 0.01, 'max_iter': 200}",0.7533747732628111,0.8679716431213701,0.6585040556715523,0.1820080629475367
134,MLPRegressor,"{'hidden_layer_sizes': (50, 50), 'activation': 'tanh', 'alpha': 0.01, 'max_iter': 200}",0.7502486792610011,0.866168966923314,0.6622887188893196,0.18540228290113814
135,MLPRegressor,"{'hidden_layer_sizes': (50, 50), 'activation': 'tanh', 'alpha': 0.01, 'max_iter': 500}",0.7464275442417865,0.8639603834909252,0.6474129844132425,0.18955115773347342
267,SVR,"{'C': 1, 'kernel': 'poly', 'epsilon': 0.1, 'gamma': 'scale', 'degree': 3}",0.7453654287523348,0.8633454863218634,0.6551533898970409,0.19070437116379213
68,RandomForestRegressor,"{'n_estimators': 100, 'max_depth': 10, 'min_samples_split': 5, 'min_samples_leaf': 4, 'bootstrap': True, 'criterion': 'squared_error'}",0.7450780122440054,0.863179015178199,0.6539038520447824,0.19101643946596125
150,GradientBoostingRegressor,"{'n_estimators': 100, 'learning_rate': 0.1, 'max_depth': 5}",0.7449068907167212,0.8630798866366434,0.6516774786343531,0.19120223813422343
248,SVR,"{'C': 1, 'kernel': 'rbf', 'epsilon': 0.01, 'gamma': 0.05, 'degree': 3}",0.7446865250857678,0.8629522148333405,0.6476952500984847,0.19144150458661968
133,MLPRegressor,"{'hidden_layer_sizes': (50, 50), 'activation': 'tanh', 'alpha': 0.001, 'max_iter': 1000}",0.7424336345961751,0.8616458870070552,0.6563829670391773,0.19388762611995403
222,SVR,"{'C': 0.1, 'kernel': 'linear', 'epsilon': 0.1, 'gamma': 'scale', 'degree': 3}",0.7424334293472209,0.8616457679042014,0.6515994092039636,0.19388784897316802
223,SVR,"{'C': 0.1, 'kernel': 'linear', 'epsilon': 0.1, 'gamma': 0.1, 'degree': 3}",0.7424334293472209,0.8616457679042014,0.6515994092039636,0.19388784897316802
224,SVR,"{'C': 0.1, 'kernel': 'linear', 'epsilon': 0.1, 'gamma': 0.05, 'degree': 3}",0.7424334293472209,0.8616457679042014,0.6515994092039636,0.19388784897316802
116,MLPRegressor,"{'hidden_layer_sizes': (100,), 'activation': 'tanh', 'alpha': 0.01, 'max_iter': 200}",0.738070400914147,0.8591102379288393,0.6535261802221707,0.19862509556815078
251,SVR,"{'C': 1, 'kernel': 'rbf', 'epsilon': 0.1, 'gamma': 0.05, 'degree': 3}",0.7368028194303112,0.8583721916688071,0.6447162661583165,0.20000139786832472
128,MLPRegressor,"{'hidden_layer_sizes': (50, 50), 'activation': 'tanh', 'alpha': 0.0001, 'max_iter': 200}",0.7358908435931855,0.8578408031757323,0.6478336401777015,0.20099159412658896
48,RandomForestRegressor,"{'n_estimators': 50, 'max_depth': 20, 'min_samples_split': 5, 'min_samples_leaf': 1, 'bootstrap': True, 'criterion': 'squared_error'}",0.7356234036093829,0.857684909281598,0.6506936312897351,0.20128197251216784
74,RandomForestRegressor,"{'n_estimators': 100, 'max_depth': 20, 'min_samples_split': 2, 'min_samples_leaf': 4, 'bootstrap': True, 'criterion': 'squared_error'}",0.7343505592414167,0.8569425647273081,0.6492841203860598,0.20266398909550765
32,RandomForestRegressor,"{'n_estimators': 50, 'max_depth': None, 'min_samples_split': 5, 'min_samples_leaf': 4, 'bootstrap': True, 'criterion': 'squared_error'}",0.7342757308016636,0.8568989034895912,0.6465280048388503,0.20274523559134539
358,SVR,"{'C': 1000, 'kernel': 'rbf', 'epsilon': 0.1, 'gamma': 0.1, 'degree': 3}",0.7338078700132212,0.856625863497724,0.6504957690782432,0.2032532249297081
322,SVR,"{'C': 100, 'kernel': 'rbf', 'epsilon': 0.1, 'gamma': 0.1, 'degree': 3}",0.7338078700132212,0.856625863497724,0.6504957690782432,0.2032532249297081
194,SVR,"{'C': 0.01, 'kernel': 'poly', 'epsilon': 0.01, 'gamma': 0.05, 'degree': 3}",0.7334520661968226,0.856418160828472,0.6514297707532944,0.20363954613837576
282,SVR,"{'C': 10, 'kernel': 'rbf', 'epsilon': 0.01, 'gamma': 'scale', 'degree': 3}",0.7330500639189093,0.8561834288976337,0.6425587454247043,0.2040760282634484
285,SVR,"{'C': 10, 'kernel': 'rbf', 'epsilon': 0.1, 'gamma': 'scale', 'degree': 3}",0.7328971432678787,0.8560941205661202,0.642929120863041,0.20424206496123953
284,SVR,"{'C': 10, 'kernel': 'rbf', 'epsilon': 0.01, 'gamma': 0.05, 'degree': 3}",0.7327389863646355,0.8560017443700892,0.6478901631215555,0.20441378702605173
56,RandomForestRegressor,"{'n_estimators': 100, 'max_depth': None, 'min_samples_split': 2, 'min_samples_leaf': 4, 'bootstrap': True, 'criterion': 'squared_error'}",0.731155466366494,0.8550762927169095,0.6486097535933825,0.20613312597475486
39,RandomForestRegressor,"{'n_estimators': 50, 'max_depth': 10, 'min_samples_split': 5, 'min_samples_leaf': 1, 'bootstrap': True, 'criterion': 'squared_error'}",0.7310986978233754,0.8550430970561516,0.6448608195752036,0.20619476357160194
73,RandomForestRegressor,"{'n_estimators': 100, 'max_depth': 20, 'min_samples_split': 2, 'min_samples_leaf': 2, 'bootstrap': True, 'criterion': 'squared_error'}",0.7297384057684075,0.8542472743699026,0.649740722135859,0.20767172825437374
287,SVR,"{'C': 10, 'kernel': 'rbf', 'epsilon': 0.1, 'gamma': 0.05, 'degree': 3}",0.7293593054380043,0.8540253540955353,0.6470310086104016,0.2080833441255301
35,RandomForestRegressor,"{'n_estimators': 50, 'max_depth': None, 'min_samples_split': 10, 'min_samples_leaf': 4, 'bootstrap': True, 'criterion': 'squared_error'}",0.7289026311314842,0.8537579464529067,0.6447803280670008,0.20857918751430538
286,SVR,"{'C': 10, 'kernel': 'rbf', 'epsilon': 0.1, 'gamma': 0.1, 'degree': 3}",0.728024702081644,0.8532436358283864,0.6469579696942376,0.20953241678287127
57,RandomForestRegressor,"{'n_estimators': 100, 'max_depth': None, 'min_samples_split': 5, 'min_samples_leaf': 1, 'bootstrap': True, 'criterion': 'squared_error'}",0.7278510019641984,0.8531418416442828,0.647668683163935,0.20972101520769015
53,RandomForestRegressor,"{'n_estimators': 50, 'max_depth': 20, 'min_samples_split': 10, 'min_samples_leaf': 4, 'bootstrap': True, 'criterion': 'squared_error'}",0.7277907005539704,0.853106500124088,0.6480591927462179,0.20978648868664096
319,SVR,"{'C': 100, 'kernel': 'rbf', 'epsilon': 0.01, 'gamma': 0.1, 'degree': 3}",0.7274775138657628,0.8529229237544051,0.6489802455991956,0.21012653748418242
355,SVR,"{'C': 1000, 'kernel': 'rbf', 'epsilon': 0.01, 'gamma': 0.1, 'degree': 3}",0.7274775138657628,0.8529229237544051,0.6489802455991956,0.21012653748418242
54,RandomForestRegressor,"{'n_estimators': 100, 'max_depth': None, 'min_samples_split': 2, 'min_samples_leaf': 1, 'bootstrap': True, 'criterion': 'squared_error'}",0.727210619605343,0.8527664507972526,0.649823626346786,0.2104163233395323
69,RandomForestRegressor,"{'n_estimators': 100, 'max_depth': 10, 'min_samples_split': 10, 'min_samples_leaf': 1, 'bootstrap': True, 'criterion': 'squared_error'}",0.7270669561270502,0.8526822128595448,0.6459926590999107,0.210572308874306
162,GradientBoostingRegressor,"{'n_estimators': 200, 'learning_rate': 0.1, 'max_depth': 5}",0.7270205141249546,0.8526549795344859,0.6438601627079666,0.21062273421983524
49,RandomForestRegressor,"{'n_estimators': 50, 'max_depth': 20, 'min_samples_split': 5, 'min_samples_leaf': 2, 'bootstrap': True, 'criterion': 'squared_error'}",0.726824616734851,0.8525400968487353,0.6480160317834531,0.21083543378356018
197,SVR,"{'C': 0.01, 'kernel': 'poly', 'epsilon': 0.1, 'gamma': 0.05, 'degree': 3}",0.7263945393820072,0.8522878266067204,0.6451613525330248,0.2113023989905467
113,MLPRegressor,"{'hidden_layer_sizes': (100,), 'activation': 'tanh', 'alpha': 0.001, 'max_iter': 200}",0.7263902549782071,0.8522853131306483,0.6437954316865122,0.21130705086885204
71,RandomForestRegressor,"{'n_estimators': 100, 'max_depth': 10, 'min_samples_split': 10, 'min_samples_leaf': 4, 'bootstrap': True, 'criterion': 'squared_error'}",0.7262136496827242,0.8521816999224544,0.6469190633945545,0.21149880364963625
50,RandomForestRegressor,"{'n_estimators': 50, 'max_depth': 20, 'min_samples_split': 5, 'min_samples_leaf': 4, 'bootstrap': True, 'criterion': 'squared_error'}",0.7257704557517826,0.8519216253575106,0.6499776086181933,0.21198001044727133
34,RandomForestRegressor,"{'n_estimators': 50, 'max_depth': None, 'min_samples_split': 10, 'min_samples_leaf': 2, 'bootstrap': True, 'criterion': 'squared_error'}",0.7256808185667247,0.8518690149117555,0.6457313447369043,0.21207733583861643
43,RandomForestRegressor,"{'n_estimators': 50, 'max_depth': 10, 'min_samples_split': 10, 'min_samples_leaf': 2, 'bootstrap': True, 'criterion': 'squared_error'}",0.7255113852457196,0.8517695611171601,0.6452308374502321,0.21226130150267764
45,RandomForestRegressor,"{'n_estimators': 50, 'max_depth': 20, 'min_samples_split': 2, 'min_samples_leaf': 1, 'bootstrap': True, 'criterion': 'squared_error'}",0.725441156947216,0.8517283351792495,0.6469540716596919,0.21233755330187187
61,RandomForestRegressor,"{'n_estimators': 100, 'max_depth': None, 'min_samples_split': 10, 'min_samples_leaf': 2, 'bootstrap': True, 'criterion': 'squared_error'}",0.7251781921107212,0.8515739498779429,0.6459783658352476,0.21262307270551406
55,RandomForestRegressor,"{'n_estimators': 100, 'max_depth': None, 'min_samples_split': 2, 'min_samples_leaf': 2, 'bootstrap': True, 'criterion': 'squared_error'}",0.7251486830041404,0.8515566234867417,0.6483305076958202,0.21265511281637173
62,RandomForestRegressor,"{'n_estimators': 100, 'max_depth': None, 'min_samples_split': 10, 'min_samples_leaf': 4, 'bootstrap': True, 'criterion': 'squared_error'}",0.7242211301273547,0.8510118272546832,0.6472019786210382,0.21366222216131903
283,SVR,"{'C': 10, 'kernel': 'rbf', 'epsilon': 0.01, 'gamma': 0.1, 'degree': 3}",0.7238090540242225,0.8507696833010815,0.64644161305463,0.2141096421464007
38,RandomForestRegressor,"{'n_estimators': 50, 'max_depth': 10, 'min_samples_split': 2, 'min_samples_leaf': 4, 'bootstrap': True, 'criterion': 'squared_error'}",0.7227397635826875,0.8501410257026111,0.6474761242770505,0.21527064592643796
28,RandomForestRegressor,"{'n_estimators': 50, 'max_depth': None, 'min_samples_split': 2, 'min_samples_leaf': 2, 'bootstrap': True, 'criterion': 'squared_error'}",0.721635623018952,0.8494913907856583,0.6464041860784833,0.2164694889333475
60,RandomForestRegressor,"{'n_estimators': 100, 'max_depth': None, 'min_samples_split': 10, 'min_samples_leaf': 1, 'bootstrap': True, 'criterion': 'squared_error'}",0.7211290897189826,0.8491931992891739,0.6419486634852525,0.21701946773530434
44,RandomForestRegressor,"{'n_estimators': 50, 'max_depth': 10, 'min_samples_split': 10, 'min_samples_leaf': 4, 'bootstrap': True, 'criterion': 'squared_error'}",0.7204873603438694,0.848815268679746,0.6472544656804512,0.21771623841736332
30,RandomForestRegressor,"{'n_estimators': 50, 'max_depth': None, 'min_samples_split': 5, 'min_samples_leaf': 1, 'bootstrap': True, 'criterion': 'squared_error'}",0.720269790442069,0.8486870980768288,0.6424970841224759,0.21795246935013968
59,RandomForestRegressor,"{'n_estimators': 100, 'max_depth': None, 'min_samples_split': 5, 'min_samples_leaf': 4, 'bootstrap': True, 'criterion': 'squared_error'}",0.7201046098343236,0.8485897771210325,0.6440327980481877,0.21813181754454214
51,RandomForestRegressor,"{'n_estimators': 50, 'max_depth': 20, 'min_samples_split': 10, 'min_samples_leaf': 1, 'bootstrap': True, 'criterion': 'squared_error'}",0.7193584533805907,0.8481500182046751,0.6424835794444733,0.2189419720447915
46,RandomForestRegressor,"{'n_estimators': 50, 'max_depth': 20, 'min_samples_split': 2, 'min_samples_leaf': 2, 'bootstrap': True, 'criterion': 'squared_error'}",0.7193016135900241,0.8481165094431449,0.6441287246554606,0.21900368700000017
70,RandomForestRegressor,"{'n_estimators': 100, 'max_depth': 10, 'min_samples_split': 10, 'min_samples_leaf': 2, 'bootstrap': True, 'criterion': 'squared_error'}",0.7186593139230447,0.8477377624731864,0.6438740026378083,0.2197010768880172
41,RandomForestRegressor,"{'n_estimators': 50, 'max_depth': 10, 'min_samples_split': 5, 'min_samples_leaf': 4, 'bootstrap': True, 'criterion': 'squared_error'}",0.7186560717200579,0.847735850203386,0.6464320169016483,0.21970459717565582
40,RandomForestRegressor,"{'n_estimators': 50, 'max_depth': 10, 'min_samples_split': 5, 'min_samples_leaf': 2, 'bootstrap': True, 'criterion': 'squared_error'}",0.7186552642059878,0.8477353739263143,0.6415616830367592,0.21970547395043216
52,RandomForestRegressor,"{'n_estimators': 50, 'max_depth': 20, 'min_samples_split': 10, 'min_samples_leaf': 2, 'bootstrap': True, 'criterion': 'squared_error'}",0.7185470313134141,0.8476715350378436,0.640551458513004,0.21982299000829764
80,RandomForestRegressor,"{'n_estimators': 100, 'max_depth': 20, 'min_samples_split': 10, 'min_samples_leaf': 4, 'bootstrap': True, 'criterion': 'squared_error'}",0.7184768474090174,0.8476301359726526,0.6471803148105958,0.2198991936056901
42,RandomForestRegressor,"{'n_estimators': 50, 'max_depth': 10, 'min_samples_split': 10, 'min_samples_leaf': 1, 'bootstrap': True, 'criterion': 'squared_error'}",0.7159058297920114,0.846112185110232,0.637142988296618,0.2226907281186158
67,RandomForestRegressor,"{'n_estimators': 100, 'max_depth': 10, 'min_samples_split': 5, 'min_samples_leaf': 2, 'bootstrap': True, 'criterion': 'squared_error'}",0.7155012115113695,0.8458730469233368,0.6395341631246626,0.22313005062169855
33,RandomForestRegressor,"{'n_estimators': 50, 'max_depth': None, 'min_samples_split': 10, 'min_samples_leaf': 1, 'bootstrap': True, 'criterion': 'squared_error'}",0.7145613172110661,0.845317287893171,0.6406621226243242,0.22415055991749022
47,RandomForestRegressor,"{'n_estimators': 50, 'max_depth': 20, 'min_samples_split': 2, 'min_samples_leaf': 4, 'bootstrap': True, 'criterion': 'squared_error'}",0.7143602482354322,0.8451983484575867,0.6427860646712976,0.2243688746350745
63,RandomForestRegressor,"{'n_estimators': 100, 'max_depth': 10, 'min_samples_split': 2, 'min_samples_leaf': 1, 'bootstrap': True, 'criterion': 'squared_error'}",0.7130287996620296,0.8444103265960392,0.6407477807083617,0.22581452192284657
76,RandomForestRegressor,"{'n_estimators': 100, 'max_depth': 20, 'min_samples_split': 5, 'min_samples_leaf': 2, 'bootstrap': True, 'criterion': 'squared_error'}",0.7125114931975601,0.8441039587619289,0.6384415915219463,0.22637619790661823
64,RandomForestRegressor,"{'n_estimators': 100, 'max_depth': 10, 'min_samples_split': 2, 'min_samples_leaf': 2, 'bootstrap': True, 'criterion': 'squared_error'}",0.711381177155076,0.8434341569767471,0.6392815841638638,0.22760346147036725
65,RandomForestRegressor,"{'n_estimators': 100, 'max_depth': 10, 'min_samples_split': 2, 'min_samples_leaf': 4, 'bootstrap': True, 'criterion': 'squared_error'}",0.7109945926190071,0.8432049529141815,0.6354304153709689,0.22802320346959015
75,RandomForestRegressor,"{'n_estimators': 100, 'max_depth': 20, 'min_samples_split': 5, 'min_samples_leaf': 1, 'bootstrap': True, 'criterion': 'squared_error'}",0.7108451286853225,0.8431163197835293,0.6407466591023618,0.2281854869664276
77,RandomForestRegressor,"{'n_estimators': 100, 'max_depth': 20, 'min_samples_split': 5, 'min_samples_leaf': 4, 'bootstrap': True, 'criterion': 'squared_error'}",0.7105215976217673,0.8429244317385558,0.639604969329583,0.22853676737926654
31,RandomForestRegressor,"{'n_estimators': 50, 'max_depth': None, 'min_samples_split': 5, 'min_samples_leaf': 2, 'bootstrap': True, 'criterion': 'squared_error'}",0.710291421566093,0.8427878864614115,0.6440192978760434,0.22878668569923977
66,RandomForestRegressor,"{'n_estimators': 100, 'max_depth': 10, 'min_samples_split': 5, 'min_samples_leaf': 1, 'bootstrap': True, 'criterion': 'squared_error'}",0.7101232999384743,0.8426881391941353,0.6387349850563312,0.22896922716560797
58,RandomForestRegressor,"{'n_estimators': 100, 'max_depth': None, 'min_samples_split': 5, 'min_samples_leaf': 2, 'bootstrap': True, 'criterion': 'squared_error'}",0.7097549271869837,0.8424695408066595,0.6357561793364935,0.22936919535042544
29,RandomForestRegressor,"{'n_estimators': 50, 'max_depth': None, 'min_samples_split': 2, 'min_samples_leaf': 4, 'bootstrap': True, 'criterion': 'squared_error'}",0.7091576807760379,0.842115004483377,0.6390197382695162,0.2300176677521112
27,RandomForestRegressor,"{'n_estimators': 50, 'max_depth': None, 'min_samples_split': 2, 'min_samples_leaf': 1, 'bootstrap': True, 'criterion': 'squared_error'}",0.7082519849041697,0.8415770819741765,0.6436086271092398,0.2310010454107515
72,RandomForestRegressor,"{'n_estimators': 100, 'max_depth': 20, 'min_samples_split': 2, 'min_samples_leaf': 1, 'bootstrap': True, 'criterion': 'squared_error'}",0.706419740951329,0.840487799406588,0.6373158543103219,0.2329904414369096
36,RandomForestRegressor,"{'n_estimators': 50, 'max_depth': 10, 'min_samples_split': 2, 'min_samples_leaf': 1, 'bootstrap': True, 'criterion': 'squared_error'}",0.7042976880707634,0.8392244563111608,0.638866106770912,0.2352945033831092
79,RandomForestRegressor,"{'n_estimators': 100, 'max_depth': 20, 'min_samples_split': 10, 'min_samples_leaf': 2, 'bootstrap': True, 'criterion': 'squared_error'}",0.7005130875587259,0.8369665988309963,0.634349438764712,0.23940371013342787
37,RandomForestRegressor,"{'n_estimators': 50, 'max_depth': 10, 'min_samples_split': 2, 'min_samples_leaf': 2, 'bootstrap': True, 'criterion': 'squared_error'}",0.698876013751504,0.8359880464166363,0.6345371225453149,0.24118119621630763
149,GradientBoostingRegressor,"{'n_estimators': 100, 'learning_rate': 0.1, 'max_depth': 3}",0.6968571086375941,0.8347796767037361,0.629740499250425,0.24337326338322374
161,GradientBoostingRegressor,"{'n_estimators': 200, 'learning_rate': 0.1, 'max_depth': 3}",0.6934046803639017,0.832709241190406,0.630679204635029,0.24712180738994904
78,RandomForestRegressor,"{'n_estimators': 100, 'max_depth': 20, 'min_samples_split': 10, 'min_samples_leaf': 1, 'bootstrap': True, 'criterion': 'squared_error'}",0.6925757932279354,0.8322113873457485,0.6316503623569749,0.24802178840605138
