Unnamed: 0,model,hyperparams,roc_auc,train_roc_auc,accuracy,train_accuracy,precision,train_precision,recall,train_recall,f1,train_f1,split,preprocessing
,XGBClassifier,"{'max_depth': 7, 'eta': 0.1, 'gamma': 0.01}",0.8506415396952686,0.9417813531901691,0.8514851485148515,0.9413223140495868,0.8134328358208955,0.923217550274223,0.8449612403100775,0.9456928838951311,0.8288973384030418,0.9343200740055504,0.8,Fingerprints
,XGBClassifier,"{'max_depth': 7, 'eta': 0.1, 'gamma': 0}",0.8506415396952686,0.9447870265718147,0.8514851485148515,0.943801652892562,0.8134328358208955,0.9221014492753623,0.8449612403100775,0.9531835205992509,0.8288973384030418,0.9373848987108656,0.8,Fingerprints
,XGBClassifier,"{'max_depth': 7, 'eta': 0.1, 'gamma': 0}",0.8506415396952686,0.9447870265718147,0.8514851485148515,0.943801652892562,0.8134328358208955,0.9221014492753623,0.8449612403100775,0.9531835205992509,0.8288973384030418,0.9373848987108656,0.8,Fingerprints
,XGBClassifier,"{'max_depth': None, 'eta': 0.2, 'gamma': 0.1}",0.8496391339214114,0.9643086674201626,0.8514851485148515,0.9636363636363636,0.8181818181818182,0.9487179487179487,0.8372093023255814,0.9700374531835206,0.8275862068965518,0.9592592592592591,0.8,Fingerprints
,XGBClassifier,"{'max_depth': 7, 'eta': 0.1, 'gamma': 0.1}",0.8467655707030206,0.9481389756886731,0.8481848184818482,0.947107438016529,0.8120300751879699,0.9257246376811594,0.8372093023255814,0.9569288389513109,0.8244274809160306,0.9410681399631675,0.8,Fingerprints
,SVC,"{'C': 100, 'kernel': 'rbf', 'gamma': 0.05}",0.8457631649291633,0.9909275757374288,0.8481848184818482,0.9900826446280991,0.816793893129771,0.9797794117647058,0.8294573643410853,0.99812734082397,0.823076923076923,0.9888682745825603,0.8,Fingerprints
,SVC,"{'C': 1000, 'kernel': 'rbf', 'gamma': 0.05}",0.8457631649291633,0.9909275757374288,0.8481848184818482,0.9900826446280991,0.816793893129771,0.9797794117647058,0.8294573643410853,0.99812734082397,0.823076923076923,0.9888682745825603,0.8,Fingerprints
,SVC,"{'C': 10, 'kernel': 'rbf', 'gamma': 0.05}",0.8457631649291633,0.9901879307670147,0.8481848184818482,0.9892561983471074,0.816793893129771,0.9779816513761468,0.8294573643410853,0.99812734082397,0.823076923076923,0.9879518072289157,0.8,Fingerprints
,SVC,"{'C': 0.1, 'kernel': 'linear', 'gamma': 'scale'}",0.8438920074846298,0.8527026128581877,0.8448844884488449,0.8512396694214877,0.8059701492537313,0.8105263157894737,0.8372093023255814,0.8651685393258427,0.8212927756653993,0.8369565217391305,0.8,Descriptors
,SVC,"{'C': 0.1, 'kernel': 'linear', 'gamma': 0.1}",0.8438920074846298,0.8527026128581877,0.8448844884488449,0.8512396694214877,0.8059701492537313,0.8105263157894737,0.8372093023255814,0.8651685393258427,0.8212927756653993,0.8369565217391305,0.8,DescFing
,SVC,"{'C': 0.1, 'kernel': 'linear', 'gamma': 0.05}",0.8438920074846298,0.8527026128581877,0.8448844884488449,0.8512396694214877,0.8059701492537313,0.8105263157894737,0.8372093023255814,0.8651685393258427,0.8212927756653993,0.8369565217391305,0.8,DescFing
,XGBClassifier,"{'max_depth': 7, 'eta': 0.2, 'gamma': 0.1}",0.8438920074846298,0.9713588413890921,0.8448844884488449,0.9710743801652892,0.8059701492537313,0.9611829944547134,0.8372093023255814,0.9737827715355806,0.8212927756653993,0.9674418604651163,0.8,Fingerprints
,XGBClassifier,"{'max_depth': 5, 'eta': 0.1, 'gamma': 0}",0.8438920074846298,0.9136360614320856,0.8448844884488449,0.9140495867768595,0.8059701492537313,0.8966789667896679,0.8372093023255814,0.9101123595505618,0.8212927756653993,0.9033457249070633,0.8,Fingerprints
,SVC,"{'C': 0.1, 'kernel': 'linear', 'gamma': 'scale'}",0.8438920074846298,0.8527026128581877,0.8448844884488449,0.8512396694214877,0.8059701492537313,0.8105263157894737,0.8372093023255814,0.8651685393258427,0.8212927756653993,0.8369565217391305,0.8,DescFing
,XGBClassifier,"{'max_depth': 5, 'eta': 0.1, 'gamma': 0.01}",0.8438920074846298,0.9162483655785297,0.8448844884488449,0.9165289256198347,0.8059701492537313,0.8987108655616943,0.8372093023255814,0.9138576779026217,0.8212927756653993,0.9062209842154132,0.8,Fingerprints
,SVC,"{'C': 0.1, 'kernel': 'linear', 'gamma': 0.05}",0.8438920074846298,0.8527026128581877,0.8448844884488449,0.8512396694214877,0.8059701492537313,0.8105263157894737,0.8372093023255814,0.8651685393258427,0.8212927756653993,0.8369565217391305,0.8,Descriptors
,SVC,"{'C': 0.1, 'kernel': 'linear', 'gamma': 0.1}",0.8438920074846298,0.8527026128581877,0.8448844884488449,0.8512396694214877,0.8059701492537313,0.8105263157894737,0.8372093023255814,0.8651685393258427,0.8212927756653993,0.8369565217391305,0.8,Descriptors
,MLPClassifier,"{'hidden_layer_sizes': (50, 50), 'activation': 'relu', 'alpha': 0.01, 'max_iter': 500, 'solver': 'sgd'}",0.8418871959369152,0.9700291425658756,0.8448844884488449,0.9702479338842975,0.8153846153846154,0.9645522388059702,0.8217054263565892,0.9681647940074907,0.8185328185328187,0.9663551401869159,0.8,Fingerprints
,LogisticRegression,"{'C': 10, 'penalty': 'l1', 'solver': 'saga'}",0.8410184442662391,0.9780627396228088,0.8415841584158416,0.9776859504132231,0.8,0.9685767097966729,0.8372093023255814,0.9812734082397003,0.8181818181818183,0.9748837209302326,0.8,Fingerprints
,SVC,"{'C': 1, 'kernel': 'rbf', 'gamma': 0.05}",0.8401496925955626,0.8899203288788423,0.8382838283828383,0.8884297520661157,0.7857142857142857,0.8530973451327434,0.8527131782945736,0.9026217228464419,0.8178438661710037,0.8771610555050046,0.8,Descriptors
,XGBClassifier,"{'max_depth': None, 'eta': 0.1, 'gamma': 0.01}",0.8400160384923817,0.9285702413403363,0.8415841584158416,0.928099173553719,0.8045112781954887,0.907103825136612,0.8294573643410853,0.9325842696629213,0.816793893129771,0.9196675900277007,0.8,Fingerprints
,GradientBoostingClassifier,"{'max_depth': 7, 'loss': 'exponential', 'n_estimators': 100, 'learning_rate': 0.5, 'min_impurity_decrease': 0.05}",0.8390136327185246,0.989794561531813,0.8415841584158416,0.9892561983471074,0.8091603053435115,0.9815157116451017,0.8217054263565892,0.9943820224719101,0.8153846153846155,0.987906976744186,0.8,Fingerprints
,MLPClassifier,"{'hidden_layer_sizes': (50,), 'activation': 'relu', 'alpha': 0.001, 'max_iter': 1000, 'solver': 'sgd'}",0.8380112269446672,0.9663309177138045,0.8415841584158416,0.9661157024793389,0.813953488372093,0.955637707948244,0.813953488372093,0.9681647940074907,0.8139534883720931,0.9618604651162792,0.8,Fingerprints
,RandomForestClassifier,"{'max_depth': 20, 'min_samples_split': 10, 'min_samples_leaf': 1, 'min_impurity_decrease': 0, 'n_estimators': 50}",0.837142475273991,0.9145252975201117,0.8382838283828383,0.915702479338843,0.7985074626865671,0.9044943820224719,0.8294573643410853,0.9044943820224719,0.8136882129277565,0.9044943820224719,0.8,Fingerprints
,XGBClassifier,"{'max_depth': None, 'eta': 0.1, 'gamma': 0.1}",0.8361400695001336,0.9298528466635639,0.8382838283828383,0.9297520661157025,0.803030303030303,0.9119266055045872,0.8217054263565892,0.9307116104868914,0.8122605363984674,0.9212233549582948,0.8,Fingerprints
,LogisticRegression,"{'C': 1, 'penalty': 'l1', 'solver': 'liblinear'}",0.8342689120556002,0.9231960419298362,0.834983498349835,0.9223140495867769,0.7925925925925926,0.8971119133574007,0.8294573643410853,0.9307116104868914,0.8106060606060607,0.9136029411764706,0.8,Fingerprints
,LogisticRegression,"{'C': 10, 'penalty': 'l2', 'solver': 'saga'}",0.8342689120556002,0.9788023845932229,0.834983498349835,0.9785123966942149,0.7925925925925926,0.9703703703703703,0.8294573643410853,0.9812734082397003,0.8106060606060607,0.9757914338919925,0.8,Fingerprints
,SVC,"{'C': 0.01, 'kernel': 'poly', 'gamma': 0.05}",0.8332665062817429,0.8777480442346475,0.834983498349835,0.8776859504132232,0.7969924812030075,0.8496376811594203,0.8217054263565892,0.8782771535580525,0.8091603053435114,0.8637200736648252,0.8,Descriptors
,GradientBoostingClassifier,"{'max_depth': 5, 'loss': 'exponential', 'n_estimators': 50, 'learning_rate': 0.5, 'min_impurity_decrease': 0.1}",0.8322641005078856,0.9810684130044544,0.834983498349835,0.9801652892561984,0.8015267175572519,0.967032967032967,0.813953488372093,0.9887640449438202,0.8076923076923077,0.9777777777777779,0.8,Fingerprints
,MLPClassifier,"{'hidden_layer_sizes': (100,), 'activation': 'relu', 'alpha': 0.001, 'max_iter': 1000, 'solver': 'sgd'}",0.8293905372894949,0.9680068922722336,0.8316831683168316,0.9677685950413223,0.7954545454545454,0.9574861367837338,0.813953488372093,0.9700374531835206,0.8045977011494252,0.9637209302325582,0.8,Fingerprints
,MLPClassifier,"{'hidden_layer_sizes': (100,), 'activation': 'relu', 'alpha': 0.0001, 'max_iter': 1000, 'solver': 'sgd'}",0.8293905372894949,0.9680068922722336,0.8316831683168316,0.9677685950413223,0.7954545454545454,0.9574861367837338,0.813953488372093,0.9700374531835206,0.8045977011494252,0.9637209302325582,0.8,Fingerprints
,LogisticRegression,"{'C': 1, 'penalty': 'l2', 'solver': 'liblinear'}",0.8293905372894949,0.9626326928617334,0.8316831683168316,0.9619834710743802,0.7954545454545454,0.9468864468864469,0.813953488372093,0.9681647940074907,0.8045977011494252,0.9574074074074075,0.8,Fingerprints
,MLPClassifier,"{'hidden_layer_sizes': (50, 50), 'activation': 'logistic', 'alpha': 0.01, 'max_iter': 200, 'solver': 'adam'}",0.8255145682972468,0.9869855727677681,0.8283828382838284,0.9867768595041322,0.7938931297709924,0.9814126394052045,0.8062015503875969,0.9887640449438202,0.7999999999999999,0.9850746268656717,0.8,Fingerprints
,XGBClassifier,"{'max_depth': 7, 'eta': 0.2, 'gamma': 0}",0.8246458166265704,0.9734281851827227,0.8250825082508251,0.9727272727272728,0.7794117647058824,0.9596330275229358,0.8217054263565892,0.9794007490636704,0.8,0.969416126042632,0.8,Fingerprints
,GradientBoostingClassifier,"{'max_depth': 7, 'loss': 'exponential', 'n_estimators': 100, 'learning_rate': 0.5, 'min_impurity_decrease': 0}",0.8235097567495322,0.990730891119828,0.8283828382838284,0.9900826446280991,0.8031496062992126,0.981549815498155,0.7906976744186046,0.9962546816479401,0.7968749999999999,0.9888475836431226,0.8,Fingerprints
,LogisticRegression,"{'C': 1, 'penalty': 'l2', 'solver': 'saga'}",0.822641005078856,0.9604137579504908,0.8250825082508251,0.959504132231405,0.7878787878787878,0.941712204007286,0.8062015503875969,0.9681647940074907,0.7969348659003832,0.9547553093259464,0.8,Fingerprints
,SVC,"{'C': 10, 'kernel': 'rbf', 'gamma': 'scale'}",0.822507350975675,0.9862459277973539,0.8283828382838284,0.9859504132231405,0.808,0.9795918367346939,0.7829457364341085,0.9887640449438202,0.7952755905511811,0.9841565703634668,0.8,Fingerprints
,SVC,"{'C': 10, 'kernel': 'rbf', 'gamma': 'scale'}",0.8217722534081797,0.9083560490215633,0.8217821782178217,0.9066115702479339,0.7737226277372263,0.8725663716814159,0.8217054263565892,0.9232209737827716,0.7969924812030076,0.897179253867152,0.8,Descriptors
,SVC,"{'C': 10, 'kernel': 'rbf', 'gamma': 'scale'}",0.8217722534081797,0.9083560490215633,0.8217821782178217,0.9066115702479339,0.7737226277372263,0.8725663716814159,0.8217054263565892,0.9232209737827716,0.7969924812030076,0.897179253867152,0.8,DescFing
,MLPClassifier,"{'hidden_layer_sizes': (50, 50), 'activation': 'tanh', 'alpha': 0.01, 'max_iter': 200, 'solver': 'sgd'}",0.8178962844159317,0.8945077898189394,0.8184818481848185,0.8942148760330578,0.7720588235294118,0.8677536231884058,0.813953488372093,0.897003745318352,0.7924528301886792,0.8821362799263351,0.8,Fingerprints
,MLPClassifier,"{'hidden_layer_sizes': (100,), 'activation': 'logistic', 'alpha': 0.01, 'max_iter': 200, 'solver': 'adam'}",0.8178962844159317,0.8318041796866343,0.8184818481848185,0.8314049586776859,0.7720588235294118,0.7935943060498221,0.813953488372093,0.8352059925093633,0.7924528301886792,0.8138686131386862,0.8,DescFing
,GradientBoostingClassifier,"{'max_depth': 5, 'loss': 'exponential', 'n_estimators': 10, 'learning_rate': 0.5, 'min_impurity_decrease': 0.1}",0.8177626303127506,0.9145252975201117,0.8217821782178217,0.915702479338843,0.7906976744186046,0.9044943820224719,0.7906976744186046,0.9044943820224719,0.7906976744186046,0.9044943820224719,0.8,Fingerprints
,MLPClassifier,"{'hidden_layer_sizes': (50, 50), 'activation': 'relu', 'alpha': 0.0001, 'max_iter': 200, 'solver': 'adam'}",0.8177626303127506,0.9890549165613988,0.8217821782178217,0.9884297520661157,0.7906976744186046,0.9797047970479705,0.7906976744186046,0.9943820224719101,0.7906976744186046,0.9869888475836431,0.8,Fingerprints
,MLPClassifier,"{'hidden_layer_sizes': (100,), 'activation': 'tanh', 'alpha': 0.01, 'max_iter': 500, 'solver': 'sgd'}",0.8168938786420743,0.8297348358930035,0.8184818481848185,0.8297520661157025,0.7761194029850746,0.7939068100358423,0.8062015503875969,0.8295880149812734,0.7908745247148288,0.8113553113553114,0.8,DescFing
,SVC,"{'C': 1, 'kernel': 'linear', 'gamma': 0.1}",0.8130179096498262,0.8838618886155619,0.8151815181518152,0.8842975206611571,0.7744360902255639,0.8608058608058609,0.7984496124031008,0.8801498127340824,0.7862595419847329,0.8703703703703703,0.8,Descriptors
,SVC,"{'C': 1, 'kernel': 'linear', 'gamma': 0.05}",0.8130179096498262,0.8838618886155619,0.8151815181518152,0.8842975206611571,0.7744360902255639,0.8608058608058609,0.7984496124031008,0.8801498127340824,0.7862595419847329,0.8703703703703703,0.8,Descriptors
,SVC,"{'C': 1, 'kernel': 'linear', 'gamma': 'scale'}",0.8130179096498262,0.8838618886155619,0.8151815181518152,0.8842975206611571,0.7744360902255639,0.8608058608058609,0.7984496124031008,0.8801498127340824,0.7862595419847329,0.8703703703703703,0.8,Descriptors
,RandomForestClassifier,"{'max_depth': 20, 'min_samples_split': 5, 'min_samples_leaf': 1, 'min_impurity_decrease': 0, 'n_estimators': 200}",0.8120155038759691,0.9890549165613988,0.8151815181518152,0.9884297520661157,0.7786259541984732,0.9797047970479705,0.7906976744186046,0.9943820224719101,0.7846153846153846,0.9869888475836431,0.8,Descriptors
,RandomForestClassifier,"{'max_depth': None, 'min_samples_split': 5, 'min_samples_leaf': 1, 'min_impurity_decrease': 0, 'n_estimators': 200}",0.8120155038759691,0.9890549165613988,0.8151815181518152,0.9884297520661157,0.7786259541984732,0.9797047970479705,0.7906976744186046,0.9943820224719101,0.7846153846153846,0.9869888475836431,0.8,Descriptors
,GradientBoostingClassifier,"{'max_depth': 7, 'loss': 'exponential', 'n_estimators': 50, 'learning_rate': 1.0, 'min_impurity_decrease': 0.1}",0.8110130981021118,0.9894011922966116,0.8151815181518152,0.9892561983471074,0.7829457364341085,0.9851024208566108,0.7829457364341085,0.9906367041198502,0.7829457364341085,0.9878618113912231,0.8,Fingerprints
,MLPClassifier,"{'hidden_layer_sizes': (100,), 'activation': 'logistic', 'alpha': 0.001, 'max_iter': 500, 'solver': 'adam'}",0.8102780005346164,0.8344081732154334,0.8085808580858086,0.8305785123966942,0.75177304964539,0.7755443886097152,0.8217054263565892,0.8670411985018727,0.7851851851851851,0.8187444739168876,0.8,Descriptors
,GradientBoostingClassifier,"{'max_depth': 5, 'loss': 'exponential', 'n_estimators': 50, 'learning_rate': 2.0, 'min_impurity_decrease': 0.2}",0.8101443464314355,0.9886615473261974,0.8118811881188119,0.9884297520661157,0.7686567164179104,0.983271375464684,0.7984496124031008,0.9906367041198502,0.7832699619771862,0.9869402985074627,0.8,Fingerprints
,MLPClassifier,"{'hidden_layer_sizes': (100,), 'activation': 'relu', 'alpha': 0.001, 'max_iter': 1000, 'solver': 'adam'}",0.8084068430900829,0.8440706513308069,0.8052805280528053,0.8404958677685951,0.7430555555555556,0.7875210792580101,0.8294573643410853,0.8745318352059925,0.7838827838827839,0.828748890860692,0.8,Descriptors
,MLPClassifier,"{'hidden_layer_sizes': (100,), 'activation': 'relu', 'alpha': 0.001, 'max_iter': 200, 'solver': 'adam'}",0.8084068430900829,0.8440706513308069,0.8052805280528053,0.8404958677685951,0.7430555555555556,0.7875210792580101,0.8294573643410853,0.8745318352059925,0.7838827838827839,0.828748890860692,0.8,Descriptors
,MLPClassifier,"{'hidden_layer_sizes': (50,), 'activation': 'logistic', 'alpha': 0.001, 'max_iter': 200, 'solver': 'adam'}",0.8082731889869018,0.8452590696540566,0.8085808580858086,0.843801652892562,0.7591240875912408,0.8021015761821366,0.8062015503875969,0.8576779026217228,0.781954887218045,0.8289592760180996,0.8,DescFing
,MLPClassifier,"{'hidden_layer_sizes': (100,), 'activation': 'relu', 'alpha': 0.01, 'max_iter': 200, 'solver': 'adam'}",0.8065356856455494,0.8407657957139375,0.801980198019802,0.8363636363636363,0.7346938775510204,0.7790697674418605,0.8372093023255814,0.8782771535580525,0.782608695652174,0.8257042253521127,0.8,DescFing
,MLPClassifier,"{'hidden_layer_sizes': (100,), 'activation': 'relu', 'alpha': 0.01, 'max_iter': 1000, 'solver': 'adam'}",0.8065356856455494,0.8407657957139375,0.801980198019802,0.8363636363636363,0.7346938775510204,0.7790697674418605,0.8372093023255814,0.8782771535580525,0.782608695652174,0.8257042253521127,0.8,DescFing
,MLPClassifier,"{'hidden_layer_sizes': (100,), 'activation': 'relu', 'alpha': 0.01, 'max_iter': 200, 'solver': 'adam'}",0.8065356856455494,0.8407657957139375,0.801980198019802,0.8363636363636363,0.7346938775510204,0.7790697674418605,0.8372093023255814,0.8782771535580525,0.782608695652174,0.8257042253521127,0.8,Descriptors
,RandomForestClassifier,"{'max_depth': 10, 'min_samples_split': 2, 'min_samples_leaf': 4, 'min_impurity_decrease': 0, 'n_estimators': 100}",0.8062683774391874,0.9526239390111473,0.8085808580858086,0.9512396694214876,0.7669172932330827,0.9279279279279279,0.7906976744186046,0.9644194756554307,0.7786259541984734,0.9458218549127639,0.8,DescFing
,RandomForestClassifier,"{'max_depth': 20, 'min_samples_split': 2, 'min_samples_leaf': 1, 'min_impurity_decrease': 0, 'n_estimators': 200}",0.8052659716653301,0.9905342065022271,0.8085808580858086,0.9900826446280991,0.7709923664122137,0.9833333333333333,0.7829457364341085,0.9943820224719101,0.7769230769230768,0.9888268156424581,0.8,DescFing
,MLPClassifier,"{'hidden_layer_sizes': (50,), 'activation': 'tanh', 'alpha': 0.01, 'max_iter': 1000, 'solver': 'sgd'}",0.8051323175621491,0.8224021009241407,0.8118811881188119,0.8272727272727273,0.7903225806451613,0.8192534381139489,0.7596899224806202,0.7808988764044944,0.7747035573122529,0.7996164908916586,0.8,DescFing
,MLPClassifier,"{'hidden_layer_sizes': (100,), 'activation': 'tanh', 'alpha': 0.0001, 'max_iter': 200, 'solver': 'adam'}",0.8045308740978347,0.8315520909513994,0.801980198019802,0.8289256198347107,0.7412587412587412,0.7794871794871795,0.8217054263565892,0.8539325842696629,0.7794117647058824,0.8150134048257374,0.8,Descriptors
,MLPClassifier,"{'hidden_layer_sizes': (100,), 'activation': 'tanh', 'alpha': 0.0001, 'max_iter': 200, 'solver': 'adam'}",0.8045308740978347,0.8315520909513994,0.801980198019802,0.8289256198347107,0.7412587412587412,0.7794871794871795,0.8217054263565892,0.8539325842696629,0.7794117647058824,0.8150134048257374,0.8,DescFing
,MLPClassifier,"{'hidden_layer_sizes': (100,), 'activation': 'tanh', 'alpha': 0.0001, 'max_iter': 500, 'solver': 'adam'}",0.8045308740978347,0.8315520909513994,0.801980198019802,0.8289256198347107,0.7412587412587412,0.7794871794871795,0.8217054263565892,0.8539325842696629,0.7794117647058824,0.8150134048257374,0.8,Descriptors
,RandomForestClassifier,"{'max_depth': None, 'min_samples_split': 5, 'min_samples_leaf': 2, 'min_impurity_decrease': 0, 'n_estimators': 200}",0.8042635658914729,0.9849633224741263,0.8085808580858086,0.984297520661157,0.7751937984496124,0.9742173112338858,0.7751937984496124,0.9906367041198502,0.7751937984496124,0.9823584029712163,0.8,DescFing
,RandomForestClassifier,"{'max_depth': 10, 'min_samples_split': 2, 'min_samples_leaf': 1, 'min_impurity_decrease': 0, 'n_estimators': 100}",0.8033948142207966,0.9755446224763424,0.8052805280528053,0.9735537190082645,0.7611940298507462,0.9498207885304659,0.7906976744186046,0.9925093632958801,0.7756653992395437,0.9706959706959707,0.8,Descriptors
,MLPClassifier,"{'hidden_layer_sizes': (50, 50), 'activation': 'tanh', 'alpha': 0.001, 'max_iter': 200, 'solver': 'adam'}",0.8026597166533013,0.8537802229461694,0.7986798679867987,0.8495867768595041,0.7328767123287672,0.794314381270903,0.8294573643410853,0.8895131086142322,0.7781818181818182,0.8392226148409895,0.8,Descriptors
,MLPClassifier,"{'hidden_layer_sizes': (100,), 'activation': 'tanh', 'alpha': 0.01, 'max_iter': 1000, 'solver': 'adam'}",0.8006549051055868,0.8320950513042129,0.7986798679867987,0.8297520661157025,0.7394366197183099,0.781786941580756,0.813953488372093,0.8520599250936329,0.7749077490774907,0.8154121863799284,0.8,Descriptors
,LogisticRegression,"{'C': 1, 'penalty': 'l2', 'solver': 'saga'}",0.8003875968992249,0.8569992021807061,0.8052805280528053,0.8586776859504133,0.7734375,0.8379888268156425,0.7674418604651163,0.8426966292134831,0.7704280155642024,0.8403361344537815,0.8,DescFing
,LogisticRegression,"{'C': 1, 'penalty': 'l1', 'solver': 'saga'}",0.7995188452285485,0.8445277353012876,0.801980198019802,0.8462809917355372,0.7593984962406015,0.8234200743494424,0.7829457364341085,0.8295880149812734,0.7709923664122136,0.8264925373134329,0.8,DescFing
,MLPClassifier,"{'hidden_layer_sizes': (50,), 'activation': 'relu', 'alpha': 0.001, 'max_iter': 200, 'solver': 'adam'}",0.7990510558674151,0.8435664738603373,0.7887788778877888,0.8355371900826446,0.7044025157232704,0.7621283255086072,0.8682170542635659,0.9119850187265918,0.7777777777777777,0.8303495311167945,0.8,DescFing
,MLPClassifier,"{'hidden_layer_sizes': (50,), 'activation': 'relu', 'alpha': 0.0001, 'max_iter': 1000, 'solver': 'adam'}",0.7989174017642342,0.8464308667420163,0.7920792079207921,0.8404958677685951,0.7171052631578947,0.7763371150729336,0.8449612403100775,0.897003745318352,0.7758007117437722,0.8323197219808862,0.8,DescFing
,RandomForestClassifier,"{'max_depth': 10, 'min_samples_split': 5, 'min_samples_leaf': 2, 'min_impurity_decrease': 0, 'n_estimators': 100}",0.7985164394546913,0.9693836845954392,0.801980198019802,0.9677685950413223,0.7633587786259542,0.9459459459459459,0.7751937984496124,0.9831460674157303,0.7692307692307694,0.9641873278236914,0.8,DescFing
,RandomForestClassifier,"{'max_depth': 20, 'min_samples_split': 5, 'min_samples_leaf': 2, 'min_impurity_decrease': 0, 'n_estimators': 200}",0.797514033680834,0.9849633224741263,0.801980198019802,0.984297520661157,0.7674418604651163,0.9742173112338858,0.7674418604651163,0.9906367041198502,0.7674418604651162,0.9823584029712163,0.8,DescFing
,MLPClassifier,"{'hidden_layer_sizes': (50,), 'activation': 'relu', 'alpha': 0.01, 'max_iter': 1000, 'solver': 'adam'}",0.7961774926490244,0.8402145247434789,0.7854785478547854,0.8322314049586776,0.7,0.758998435054773,0.8682170542635659,0.9082397003745318,0.7750865051903114,0.8269394714407502,0.8,DescFing
,RandomForestClassifier,"{'max_depth': None, 'min_samples_split': 2, 'min_samples_leaf': 2, 'min_impurity_decrease': 0, 'n_estimators': 200}",0.7956428762363005,0.9858996520621413,0.7986798679867987,0.9851239669421488,0.7575757575757576,0.9742647058823529,0.7751937984496124,0.9925093632958801,0.7662835249042146,0.9833024118738405,0.8,Descriptors
,RandomForestClassifier,"{'max_depth': 7, 'min_samples_split': 5, 'min_samples_leaf': 2, 'min_impurity_decrease': 0, 'n_estimators': 100}",0.7946404704624432,0.9401995656317178,0.7986798679867987,0.9380165289256198,0.7615384615384615,0.9061946902654867,0.7674418604651163,0.9588014981273408,0.7644787644787645,0.9317561419472247,0.8,DescFing
,RandomForestClassifier,"{'max_depth': None, 'min_samples_split': 10, 'min_samples_leaf': 2, 'min_impurity_decrease': 0, 'n_estimators': 10}",0.7926356589147286,0.9595799259800988,0.7986798679867987,0.9603305785123967,0.7698412698412699,0.956766917293233,0.751937984496124,0.9531835205992509,0.7607843137254903,0.9549718574108818,0.8,DescFing
,MLPClassifier,"{'hidden_layer_sizes': (50, 50), 'activation': 'relu', 'alpha': 0.01, 'max_iter': 1000, 'solver': 'sgd'}",0.7923683507083668,0.8441980808013652,0.8052805280528053,0.8520661157024794,0.8125,0.8736842105263158,0.7054263565891473,0.7771535580524345,0.7551867219917013,0.8225966303270565,0.8,DescFing
,RandomForestClassifier,"{'max_depth': 10, 'min_samples_split': 2, 'min_samples_leaf': 2, 'min_impurity_decrease': 0, 'n_estimators': 200}",0.7907645014701952,0.9734752786827117,0.7953795379537953,0.971900826446281,0.7596899224806202,0.9512635379061372,0.7596899224806202,0.9868913857677902,0.7596899224806202,0.9687499999999999,0.8,DescFing
,MLPClassifier,"{'hidden_layer_sizes': (50, 50), 'activation': 'relu', 'alpha': 0.001, 'max_iter': 1000, 'solver': 'adam'}",0.7906308473670142,0.8579909358863551,0.7986798679867987,0.8619834710743801,0.7786885245901639,0.8576998050682261,0.7364341085271318,0.8239700374531835,0.7569721115537847,0.8404966571155682,0.8,DescFing
,RandomForestClassifier,"{'max_depth': None, 'min_samples_split': 2, 'min_samples_leaf': 2, 'min_impurity_decrease': 0, 'n_estimators': 100}",0.7898957497995189,0.9860963366797421,0.7920792079207921,0.9851239669421488,0.746268656716418,0.9725274725274725,0.7751937984496124,0.9943820224719101,0.7604562737642587,0.9833333333333333,0.8,DescFing
,RandomForestClassifier,"{'max_depth': None, 'min_samples_split': 2, 'min_samples_leaf': 2, 'min_impurity_decrease': 0, 'n_estimators': 100}",0.7898957497995189,0.9860963366797421,0.7920792079207921,0.9851239669421488,0.746268656716418,0.9725274725274725,0.7751937984496124,0.9943820224719101,0.7604562737642587,0.9833333333333333,0.8,Descriptors
,GradientBoostingClassifier,"{'max_depth': 5, 'loss': 'exponential', 'n_estimators': 10, 'learning_rate': 1.0, 'min_impurity_decrease': 0}",0.7897620956963378,0.9054057797575515,0.7953795379537953,0.9066115702479339,0.7637795275590551,0.8934579439252337,0.751937984496124,0.8951310861423221,0.7578125,0.8942937324602432,0.8,Fingerprints
,RandomForestClassifier,"{'max_depth': 20, 'min_samples_split': 10, 'min_samples_leaf': 4, 'min_impurity_decrease': 0, 'n_estimators': 200}",0.7897620956963378,0.9611534029209051,0.7953795379537953,0.9603305785123967,0.7637795275590551,0.9434306569343066,0.751937984496124,0.9681647940074907,0.7578125,0.9556377079482439,0.8,DescFing
,MLPClassifier,"{'hidden_layer_sizes': (50, 50), 'activation': 'logistic', 'alpha': 0.001, 'max_iter': 200, 'solver': 'adam'}",0.7894279604383855,0.825272034217583,0.7788778877887789,0.8148760330578513,0.69375,0.7327327327327328,0.8604651162790697,0.9138576779026217,0.768166089965398,0.8133333333333335,0.8,Descriptors
,MLPClassifier,"{'hidden_layer_sizes': (50, 50), 'activation': 'logistic', 'alpha': 0.0001, 'max_iter': 200, 'solver': 'adam'}",0.7894279604383855,0.825272034217583,0.7788778877887789,0.8148760330578513,0.69375,0.7327327327327328,0.8604651162790697,0.9138576779026217,0.768166089965398,0.8133333333333335,0.8,Descriptors
,LogisticRegression,"{'C': 10, 'penalty': 'l1', 'solver': 'liblinear'}",0.7878909382518043,0.9184673004897724,0.7920792079207921,0.9190082644628099,0.7538461538461538,0.9037037037037037,0.7596899224806202,0.9138576779026217,0.7567567567567568,0.9087523277467412,0.8,Descriptors
,MLPClassifier,"{'hidden_layer_sizes': (50, 50), 'activation': 'tanh', 'alpha': 0.001, 'max_iter': 200, 'solver': 'sgd'}",0.7867548783747661,0.8186096890720919,0.7953795379537953,0.824793388429752,0.7768595041322314,0.8245967741935484,0.7286821705426356,0.7659176029962547,0.7519999999999999,0.7941747572815533,0.8,DescFing
,RandomForestClassifier,"{'max_depth': 7, 'min_samples_split': 5, 'min_samples_leaf': 1, 'min_impurity_decrease': 0, 'n_estimators': 100}",0.7860197808072709,0.9450308046894045,0.7887788778877888,0.9429752066115702,0.7443609022556391,0.9129662522202486,0.7674418604651163,0.9625468164794008,0.7557251908396948,0.9371011850501367,0.8,DescFing
,LogisticRegression,"{'C': 10, 'penalty': 'l2', 'solver': 'liblinear'}",0.7860197808072709,0.9052561886399397,0.7887788778877888,0.9057851239669421,0.7443609022556391,0.8874538745387454,0.7674418604651163,0.900749063670412,0.7557251908396948,0.8940520446096654,0.8,Descriptors
,MLPClassifier,"{'hidden_layer_sizes': (50, 50), 'activation': 'relu', 'alpha': 0.0001, 'max_iter': 500, 'solver': 'sgd'}",0.7846164127238705,0.8436551204485517,0.7986798679867987,0.8512396694214877,0.8090909090909091,0.8702928870292888,0.689922480620155,0.7790262172284644,0.7447698744769875,0.8221343873517787,0.8,DescFing
,MLPClassifier,"{'hidden_layer_sizes': (100,), 'activation': 'relu', 'alpha': 0.0001, 'max_iter': 1000, 'solver': 'adam'}",0.7826784282277466,0.8405053963610576,0.7722772277227723,0.8305785123966942,0.6875,0.7496206373292867,0.8527131782945736,0.9250936329588015,0.7612456747404843,0.8281642917015926,0.8,DescFing
,MLPClassifier,"{'hidden_layer_sizes': (50,), 'activation': 'relu', 'alpha': 0.001, 'max_iter': 500, 'solver': 'sgd'}",0.7817428495054798,0.823299647629812,0.7953795379537953,0.8322314049586776,0.8018018018018018,0.854389721627409,0.689922480620155,0.7471910112359551,0.7416666666666667,0.7972027972027973,0.8,DescFing
,MLPClassifier,"{'hidden_layer_sizes': (50,), 'activation': 'tanh', 'alpha': 0.01, 'max_iter': 200, 'solver': 'sgd'}",0.7772654370489174,0.7995285109589344,0.7821782178217822,0.8041322314049587,0.7441860465116279,0.7883495145631068,0.7441860465116279,0.7602996254681648,0.7441860465116278,0.7740705433746425,0.8,DescFing
,RandomForestClassifier,"{'max_depth': 10, 'min_samples_split': 10, 'min_samples_leaf': 2, 'min_impurity_decrease': 0, 'n_estimators': 10}",0.768644747393745,0.9446374354542031,0.7722772277227723,0.9429752066115702,0.7272727272727273,0.9159212880143113,0.7441860465116279,0.9588014981273408,0.735632183908046,0.9368709972552608,0.8,DescFing
,MLPClassifier,"{'hidden_layer_sizes': (50,), 'activation': 'logistic', 'alpha': 0.01, 'max_iter': 500, 'solver': 'adam'}",0.7593557872226677,0.7987113002238326,0.7788778877887789,0.8115702479338843,0.81,0.8558139534883721,0.627906976744186,0.6891385767790262,0.7074235807860262,0.7634854771784233,0.8,DescFing
,MLPClassifier,"{'hidden_layer_sizes': (50,), 'activation': 'logistic', 'alpha': 0.01, 'max_iter': 1000, 'solver': 'adam'}",0.7593557872226677,0.7987113002238326,0.7788778877887789,0.8115702479338843,0.81,0.8558139534883721,0.627906976744186,0.6891385767790262,0.7074235807860262,0.7634854771784233,0.8,DescFing
,MLPClassifier,"{'hidden_layer_sizes': (100,), 'activation': 'relu', 'alpha': 0.0001, 'max_iter': 200, 'solver': 'sgd'}",0.7411120021384656,0.7777574629346453,0.759075907590759,0.7892561983471075,0.7692307692307693,0.8120805369127517,0.6201550387596899,0.6797752808988764,0.686695278969957,0.7400611620795108,0.8,DescFing
,MLPClassifier,"{'hidden_layer_sizes': (50, 50), 'activation': 'relu', 'alpha': 0.01, 'max_iter': 500, 'solver': 'adam'}",0.7369687249398558,0.7898992753141413,0.7623762376237624,0.8074380165289257,0.8202247191011236,0.8929503916449086,0.5658914728682171,0.6404494382022472,0.6697247706422018,0.7459105779716467,0.8,DescFing
