model,hyperparams,mse,train_mse,rmse,train_rmse,mae,train_mae,r2,train_r2
0,1.1315354234122745,1.109063926699417,1.2803724144367954,1.2300227935059296,0.907515873568282,0.8799158553352219,0.2682360170509803,0.3252036968884925,GradientBoostingRegressor,{'max_depth': 3, 'loss': 'squared_error', 'n_estimators': 10, 'learning_rate': 0.01, 'min_impurity_decrease': 0}
1,1.1315354234122745,1.109063926699417,1.2803724144367954,1.2300227935059296,0.907515873568282,0.8799158553352219,0.2682360170509803,0.3252036968884925,GradientBoostingRegressor,{'max_depth': 3, 'loss': 'squared_error', 'n_estimators': 10, 'learning_rate': 0.01, 'min_impurity_decrease': 0.1}
2,1.1315354234122745,1.109063926699417,1.2803724144367954,1.2300227935059296,0.907515873568282,0.8799158553352219,0.2682360170509803,0.3252036968884925,GradientBoostingRegressor,{'max_depth': 3, 'loss': 'squared_error', 'n_estimators': 10, 'learning_rate': 0.01, 'min_impurity_decrease': 0.2}
3,1.0015779503604545,0.9805303658817621,1.003158390648249,0.9614397984162223,0.8108243264317181,0.7815232530689329,0.4266705755353273,0.47254959415318165,GradientBoostingRegressor,{'max_depth': 3, 'loss': 'squared_error', 'n_estimators': 10, 'learning_rate': 0.1, 'min_impurity_decrease': 0}
4,1.0015779503604545,0.9805303658817621,1.003158390648249,0.9614397984162223,0.8108243264317181,0.7815232530689329,0.4266705755353273,0.47254959415318165,GradientBoostingRegressor,{'max_depth': 3, 'loss': 'squared_error', 'n_estimators': 10, 'learning_rate': 0.1, 'min_impurity_decrease': 0.1}
5,1.0015779503604545,0.9805303658817621,1.003158390648249,0.9614397984162223,0.8108243264317181,0.7815232530689329,0.4266705755353273,0.47254959415318165,GradientBoostingRegressor,{'max_depth': 3, 'loss': 'squared_error', 'n_estimators': 10, 'learning_rate': 0.1, 'min_impurity_decrease': 0.2}
6,0.866997244982266,0.6595912150960604,0.7516842228068394,0.4350605710318975,0.6557318462555067,0.5256018362606232,0.5703941801627872,0.761323719762035,GradientBoostingRegressor,{'max_depth': 3, 'loss': 'squared_error', 'n_estimators': 10, 'learning_rate': 0.5, 'min_impurity_decrease': 0}
7,0.8486482703001824,0.6595912150960604,0.7202038866834914,0.4350605710318975,0.6490257828193834,0.5256018362606232,0.5883859580911863,0.761323719762035,GradientBoostingRegressor,{'max_depth': 3, 'loss': 'squared_error', 'n_estimators': 10, 'learning_rate': 0.5, 'min_impurity_decrease': 0.1}
8,0.8698363858941184,0.6595912150960604,0.7566153382253417,0.4350605710318975,0.6567118074889868,0.5256018362606232,0.567575927740025,0.761323719762035,GradientBoostingRegressor,{'max_depth': 3, 'loss': 'squared_error', 'n_estimators': 10, 'learning_rate': 0.5, 'min_impurity_decrease': 0.2}
9,1.0297865472703545,0.6398530533341085,1.0604603329389979,0.4094119298609815,0.781609024229075,0.500681644381492,0.39392112151039194,0.7753946852216553,GradientBoostingRegressor,{'max_depth': 3, 'loss': 'squared_error', 'n_estimators': 10, 'learning_rate': 1.0, 'min_impurity_decrease': 0}
10,1.015632511145989,0.6398530533341085,1.0315093976967074,0.4094119298609815,0.7735782629955947,0.500681644381492,0.41046728530158594,0.7753946852216553,GradientBoostingRegressor,{'max_depth': 3, 'loss': 'squared_error', 'n_estimators': 10, 'learning_rate': 1.0, 'min_impurity_decrease': 0.1}
11,1.0055796510973722,0.657321413844093,1.0111904347011127,0.4320714410979975,0.7671653638766519,0.5221109357884797,0.4220800669605773,0.7629635705351792,GradientBoostingRegressor,{'max_depth': 3, 'loss': 'squared_error', 'n_estimators': 10, 'learning_rate': 1.0, 'min_impurity_decrease': 0.2}
12,1.083888880053964,1.0522892875021868,1.1748151043046364,1.1073127445918598,0.875721050660793,0.8478099726156753,0.32856458772365515,0.392523008204529,GradientBoostingRegressor,{'max_depth': 3, 'loss': 'squared_error', 'n_estimators': 50, 'learning_rate': 0.01, 'min_impurity_decrease': 0}
13,1.083888880053964,1.0522892875021868,1.1748151043046364,1.1073127445918598,0.875721050660793,0.8478099726156753,0.32856458772365515,0.392523008204529,GradientBoostingRegressor,{'max_depth': 3, 'loss': 'squared_error', 'n_estimators': 50, 'learning_rate': 0.01, 'min_impurity_decrease': 0.1}
14,1.083888880053964,1.0522892875021868,1.1748151043046364,1.1073127445918598,0.875721050660793,0.8478099726156753,0.32856458772365515,0.392523008204529,GradientBoostingRegressor,{'max_depth': 3, 'loss': 'squared_error', 'n_estimators': 50, 'learning_rate': 0.01, 'min_impurity_decrease': 0.2}
15,0.7991324237799108,0.6319045534024466,0.6386126307363549,0.39930336461074545,0.6319009176211454,0.5094485131255901,0.635017345765961,0.7809402917719033,GradientBoostingRegressor,{'max_depth': 3, 'loss': 'squared_error', 'n_estimators': 50, 'learning_rate': 0.1, 'min_impurity_decrease': 0}
16,0.8018692121409368,0.6266473093790563,0.6429942333795267,0.3926868503520108,0.6281780462555068,0.5064429303116147,0.6325131532625028,0.784570142685928,GradientBoostingRegressor,{'max_depth': 3, 'loss': 'squared_error', 'n_estimators': 50, 'learning_rate': 0.1, 'min_impurity_decrease': 0.1}
17,0.7872860925542292,0.6268334905349746,0.6198193915293064,0.3929202248562601,0.6211812550660794,0.5060393414542022,0.6457581391629452,0.7844421123327188,GradientBoostingRegressor,{'max_depth': 3, 'loss': 'squared_error', 'n_estimators': 50, 'learning_rate': 0.1, 'min_impurity_decrease': 0.2}
18,0.8464308134311878,0.4194499414396542,0.7164451219257822,0.17593825337372934,0.6356968682819383,0.33279044796978274,0.5905341835910927,0.9034794447880969,GradientBoostingRegressor,{'max_depth': 3, 'loss': 'squared_error', 'n_estimators': 50, 'learning_rate': 0.5, 'min_impurity_decrease': 0}
19,0.8591194328493277,0.4174631960309747,0.7380861998993505,0.174275520040396,0.6461266224669604,0.33163729575070816,0.578165781058604,0.9043916281332491,GradientBoostingRegressor,{'max_depth': 3, 'loss': 'squared_error', 'n_estimators': 50, 'learning_rate': 0.5, 'min_impurity_decrease': 0.1}
20,0.8597037523179544,0.4185059452125644,0.7390905417495707,0.17514722617826195,0.6553550158590309,0.3321574107648725,0.5775917752582035,0.9039134060366041,GradientBoostingRegressor,{'max_depth': 3, 'loss': 'squared_error', 'n_estimators': 50, 'learning_rate': 0.5, 'min_impurity_decrease': 0.2}
21,1.107325508329483,0.3641222894366256,1.226169781397148,0.13258504166456975,0.8558904528634361,0.29153467233238894,0.29921414044085637,0.9272632211081822,GradientBoostingRegressor,{'max_depth': 3, 'loss': 'squared_error', 'n_estimators': 50, 'learning_rate': 1.0, 'min_impurity_decrease': 0}
22,1.0390102883006043,0.3581535557844402,1.0795423791945047,0.12827396952103812,0.7809956383259913,0.2867880521246458,0.38301526785929685,0.9296282956094525,GradientBoostingRegressor,{'max_depth': 3, 'loss': 'squared_error', 'n_estimators': 50, 'learning_rate': 1.0, 'min_impurity_decrease': 0.1}
23,1.128810757146658,0.36028567922439353,1.274213725450011,0.12980577065418258,0.8559413004405287,0.2883198532577903,0.2717558576316571,0.9287879422865668,GradientBoostingRegressor,{'max_depth': 3, 'loss': 'squared_error', 'n_estimators': 50, 'learning_rate': 1.0, 'min_impurity_decrease': 0.2}
24,0.9983622884154767,0.9788490369469605,0.9967272589301874,0.958145437131992,0.8035528493392071,0.778273151463645,0.4303461237647451,0.47435689628404387,GradientBoostingRegressor,{'max_depth': 3, 'loss': 'squared_error', 'n_estimators': 100, 'learning_rate': 0.01, 'min_impurity_decrease': 0}
25,0.9983622884154767,0.9788490369469605,0.9967272589301874,0.958145437131992,0.8035528493392071,0.778273151463645,0.4303461237647451,0.47435689628404387,GradientBoostingRegressor,{'max_depth': 3, 'loss': 'squared_error', 'n_estimators': 100, 'learning_rate': 0.01, 'min_impurity_decrease': 0.1}
26,0.9983622884154767,0.9788490369469605,0.9967272589301874,0.958145437131992,0.8035528493392071,0.778273151463645,0.4303461237647451,0.47435689628404387,GradientBoostingRegressor,{'max_depth': 3, 'loss': 'squared_error', 'n_estimators': 100, 'learning_rate': 0.01, 'min_impurity_decrease': 0.2}
27,0.774801689498113,0.5438759215642786,0.6003176580491303,0.29580101805739323,0.6064212229074891,0.43870578602455146,0.6569038542728269,0.8377221670235764,GradientBoostingRegressor,{'max_depth': 3, 'loss': 'squared_error', 'n_estimators': 100, 'learning_rate': 0.1, 'min_impurity_decrease': 0}
28,0.7600415681802578,0.540551976767395,0.5776631853619055,0.2921964395871383,0.5930028026431718,0.4363046606232295,0.6698514365374022,0.8396996557651227,GradientBoostingRegressor,{'max_depth': 3, 'loss': 'squared_error', 'n_estimators': 100, 'learning_rate': 0.1, 'min_impurity_decrease': 0.1}
29,0.7580566353871039,0.5434480863798962,0.5746498624544165,0.2953358225899711,0.5932400911894273,0.4390642585457979,0.6715736238852652,0.8379773754500365,GradientBoostingRegressor,{'max_depth': 3, 'loss': 'squared_error', 'n_estimators': 100, 'learning_rate': 0.1, 'min_impurity_decrease': 0.2}
30,0.8489958621266426,0.3448465234881038,0.7207939739081611,0.11891912476183131,0.6393768682819384,0.277433207365439,0.5880487088870151,0.9347604075451199,GradientBoostingRegressor,{'max_depth': 3, 'loss': 'squared_error', 'n_estimators': 100, 'learning_rate': 0.5, 'min_impurity_decrease': 0}
31,0.8417194706671763,0.35591021499216485,0.7084916673002316,0.126672081135769,0.6305505251101322,0.28562171180358825,0.5950797763962588,0.9305070991292603,GradientBoostingRegressor,{'max_depth': 3, 'loss': 'squared_error', 'n_estimators': 100, 'learning_rate': 0.5, 'min_impurity_decrease': 0.1}
32,0.8438376182006464,0.38279149239554083,0.7120619258905398,0.1465293266504054,0.6500663444933921,0.3045397229461756,0.5930392867568822,0.9196133206285698,GradientBoostingRegressor,{'max_depth': 3, 'loss': 'squared_error', 'n_estimators': 100, 'learning_rate': 0.5, 'min_impurity_decrease': 0.2}
33,1.0807845648741823,0.3276261041776156,1.1680952756702756,0.10733886413860184,0.8432698493392071,0.26628849480642114,0.3324051332639759,0.9411133931148832,GradientBoostingRegressor,{'max_depth': 3, 'loss': 'squared_error', 'n_estimators': 100, 'learning_rate': 1.0, 'min_impurity_decrease': 0}
34,1.0431219761696484,0.341192221668769,1.0881034571680728,0.11641213212727039,0.7813860572687226,0.27536176279508967,0.3781224035288583,0.9361357555229469,GradientBoostingRegressor,{'max_depth': 3, 'loss': 'squared_error', 'n_estimators': 100, 'learning_rate': 1.0, 'min_impurity_decrease': 0.1}
35,1.1235781116714154,0.36028567922439353,1.2624277730271036,0.12980577065418258,0.8488491484581497,0.2883198532577903,0.2784918161626194,0.9287879422865668,GradientBoostingRegressor,{'max_depth': 3, 'loss': 'squared_error', 'n_estimators': 100, 'learning_rate': 1.0, 'min_impurity_decrease': 0.2}
36,0.9186421145914837,0.8323855509908706,0.8439033347011127,0.6928657054983752,0.7383574753303966,0.6594252234183191,0.5176887142663991,0.6198906076444215,GradientBoostingRegressor,{'max_depth': 3, 'loss': 'squared_error', 'n_estimators': 200, 'learning_rate': 0.01, 'min_impurity_decrease': 0}
37,0.9186421145914837,0.8323855509908706,0.8439033347011127,0.6928657054983752,0.7383574753303966,0.6594252234183191,0.5176887142663991,0.6198906076444215,GradientBoostingRegressor,{'max_depth': 3, 'loss': 'squared_error', 'n_estimators': 200, 'learning_rate': 0.01, 'min_impurity_decrease': 0.1}
38,0.9186421145914837,0.8323855509908706,0.8439033347011127,0.6928657054983752,0.7383574753303966,0.6594252234183191,0.5176887142663991,0.6198906076444215,GradientBoostingRegressor,{'max_depth': 3, 'loss': 'squared_error', 'n_estimators': 200, 'learning_rate': 0.01, 'min_impurity_decrease': 0.2}
39,0.7735687229085377,0.43913226708053815,0.5984085690623461,0.1928371479912931,0.6014678462555065,0.34971014579792253,0.6579949450718956,0.8942086315358481,GradientBoostingRegressor,{'max_depth': 3, 'loss': 'squared_error', 'n_estimators': 200, 'learning_rate': 0.1, 'min_impurity_decrease': 0}
40,0.768489556583409,0.43443007211393764,0.5905761985777646,0.18872948755692107,0.5889497008810572,0.34616241775259676,0.6624713353448388,0.8964621134145465,GradientBoostingRegressor,{'max_depth': 3, 'loss': 'squared_error', 'n_estimators': 200, 'learning_rate': 0.1, 'min_impurity_decrease': 0.1}
41,0.7803726585695854,0.43508578482146537,0.6089814862429627,0.18929964015371048,0.5985585308370044,0.34635826761095373,0.6519522656918643,0.8961493250121249,GradientBoostingRegressor,{'max_depth': 3, 'loss': 'squared_error', 'n_estimators': 200, 'learning_rate': 0.1, 'min_impurity_decrease': 0.2}
42,0.8427566574046099,0.3251979963786765,0.710238783599791,0.10575373684870572,0.6362349572687226,0.26470336751652496,0.5940812569283093,0.9419830014187539,GradientBoostingRegressor,{'max_depth': 3, 'loss': 'squared_error', 'n_estimators': 200, 'learning_rate': 0.5, 'min_impurity_decrease': 0}
43,0.8334435764066669,0.35591021499216485,0.6946281950535356,0.126672081135769,0.6292026224669603,0.28562171180358825,0.6030030880471178,0.9305070991292603,GradientBoostingRegressor,{'max_depth': 3, 'loss': 'squared_error', 'n_estimators': 200, 'learning_rate': 0.5, 'min_impurity_decrease': 0.1}
44,0.8601374664161716,0.38279149239554083,0.7398364611328307,0.1465293266504054,0.6507223061674009,0.3045397229461756,0.5771654641844106,0.9196133206285698,GradientBoostingRegressor,{'max_depth': 3, 'loss': 'squared_error', 'n_estimators': 200, 'learning_rate': 0.5, 'min_impurity_decrease': 0.2}
45,1.0635235267589689,0.32419325005800503,1.1310822919698351,0.10510126338317219,0.8248241233480176,0.26405089405099147,0.3535589538774693,0.942340951437847,GradientBoostingRegressor,{'max_depth': 3, 'loss': 'squared_error', 'n_estimators': 200, 'learning_rate': 1.0, 'min_impurity_decrease': 0}
46,1.0552163023917283,0.341192221668769,1.1134814448332713,0.11641213212727039,0.7905917960352422,0.27536176279508967,0.36361826619840387,0.9361357555229469,GradientBoostingRegressor,{'max_depth': 3, 'loss': 'squared_error', 'n_estimators': 200, 'learning_rate': 1.0, 'min_impurity_decrease': 0.1}
47,1.091436409922152,0.36028567922439353,1.1912334369037558,0.12980577065418258,0.8310942176211453,0.2883198532577903,0.3191811112283435,0.9287879422865668,GradientBoostingRegressor,{'max_depth': 3, 'loss': 'squared_error', 'n_estimators': 200, 'learning_rate': 1.0, 'min_impurity_decrease': 0.2}
48,1.4041385186779234,1.4332325196081424,1.9716049796350332,2.054155455262304,1.0954885286343612,1.1180532847969784,-0.12682020983284215,-0.1269193664911188,GradientBoostingRegressor,{'max_depth': 3, 'loss': 'absolute_error', 'n_estimators': 10, 'learning_rate': 0.01, 'min_impurity_decrease': 0}
49,1.4041385186779234,1.4332325196081424,1.9716049796350332,2.054155455262304,1.0954885286343612,1.1180532847969784,-0.12682020983284215,-0.1269193664911188,GradientBoostingRegressor,{'max_depth': 3, 'loss': 'absolute_error', 'n_estimators': 10, 'learning_rate': 0.01, 'min_impurity_decrease': 0.1}
50,1.4041385186779234,1.4332325196081424,1.9716049796350332,2.054155455262304,1.0954885286343612,1.1180532847969784,-0.12682020983284215,-0.1269193664911188,GradientBoostingRegressor,{'max_depth': 3, 'loss': 'absolute_error', 'n_estimators': 10, 'learning_rate': 0.01, 'min_impurity_decrease': 0.2}
51,1.0534187213746118,1.0208430428581183,1.1096910025425222,1.0421205181518218,0.8372569682819384,0.7944244152974504,0.36578459617907366,0.42828777095982484,GradientBoostingRegressor,{'max_depth': 3, 'loss': 'absolute_error', 'n_estimators': 10, 'learning_rate': 0.1, 'min_impurity_decrease': 0}
52,1.049246627100058,1.0208430428581183,1.1009184844808482,1.0421205181518218,0.8350543251101322,0.7944244152974504,0.37079830366364674,0.42828777095982484,GradientBoostingRegressor,{'max_depth': 3, 'loss': 'absolute_error', 'n_estimators': 10, 'learning_rate': 0.1, 'min_impurity_decrease': 0.1}
53,1.0534187213746118,1.0208430428581183,1.1096910025425222,1.0421205181518218,0.8372569682819384,0.7944244152974504,0.36578459617907366,0.42828777095982484,GradientBoostingRegressor,{'max_depth': 3, 'loss': 'absolute_error', 'n_estimators': 10, 'learning_rate': 0.1, 'min_impurity_decrease': 0.2}
54,0.8984526131840431,0.7871269264967514,0.8072170981372359,0.6195687984162223,0.6764896171806168,0.5770253051935788,0.5386557909424465,0.6601016364072037,GradientBoostingRegressor,{'max_depth': 3, 'loss': 'absolute_error', 'n_estimators': 10, 'learning_rate': 0.5, 'min_impurity_decrease': 0}
55,0.8935922869126316,0.7762594677112234,0.7985071752297469,0.6025787612113119,0.6689795563876653,0.570545232483475,0.5436337237736273,0.6694224509125367,GradientBoostingRegressor,{'max_depth': 3, 'loss': 'absolute_error', 'n_estimators': 10, 'learning_rate': 0.5, 'min_impurity_decrease': 0.1}
56,0.8951656585722085,0.7756205967036675,0.8013215562870157,0.6015873100309531,0.6717939374449339,0.5703374891406988,0.542025236532898,0.6699663657039974,GradientBoostingRegressor,{'max_depth': 3, 'loss': 'absolute_error', 'n_estimators': 10, 'learning_rate': 0.5, 'min_impurity_decrease': 0.2}
57,0.9723339752218453,0.7874748111580961,0.945433359370716,0.6201165782084791,0.7520462127753303,0.5787703731822473,0.45966183520885373,0.6598011218308187,GradientBoostingRegressor,{'max_depth': 3, 'loss': 'absolute_error', 'n_estimators': 10, 'learning_rate': 1.0, 'min_impurity_decrease': 0}
58,0.9665789483200395,0.7882243537496062,0.9342748633354737,0.6212976318439843,0.7286582185022026,0.5749281204910291,0.46603918714989934,0.6591531902386376,GradientBoostingRegressor,{'max_depth': 3, 'loss': 'absolute_error', 'n_estimators': 10, 'learning_rate': 1.0, 'min_impurity_decrease': 0.1}
59,0.9872146782968358,0.767985542019184,0.974592821044725,0.5898017927504999,0.7541754193832599,0.5623314207743155,0.44299649348903225,0.6764319560435379,GradientBoostingRegressor,{'max_depth': 3, 'loss': 'absolute_error', 'n_estimators': 10, 'learning_rate': 1.0, 'min_impurity_decrease': 0.2}
60,1.130634839170865,1.121808470757822,1.2783351395469276,1.258454245064003,0.8908740237885462,0.8780676117091597,0.26940036921208765,0.3096060685317059,GradientBoostingRegressor,{'max_depth': 3, 'loss': 'absolute_error', 'n_estimators': 50, 'learning_rate': 0.01, 'min_impurity_decrease': 0}
61,1.1265846528670458,1.1223043136128006,1.269192980075562,1.2595669723538994,0.8844829145374451,0.8789333733711049,0.2746253357547045,0.30899562109483114,GradientBoostingRegressor,{'max_depth': 3, 'loss': 'absolute_error', 'n_estimators': 50, 'learning_rate': 0.01, 'min_impurity_decrease': 0.1}
62,1.1285072830979326,1.121791085283069,1.2735286880050773,1.2584152390205658,0.88867138061674,0.877937986779981,0.27214737319659865,0.30962746743101854,GradientBoostingRegressor,{'max_depth': 3, 'loss': 'absolute_error', 'n_estimators': 50, 'learning_rate': 0.01, 'min_impurity_decrease': 0.2}
63,0.8566469681806987,0.7236558121051467,0.733844028093183,0.5236777343935594,0.6622892563876652,0.5427312409820585,0.5805902854467281,0.7127079261813043,GradientBoostingRegressor,{'max_depth': 3, 'loss': 'absolute_error', 'n_estimators': 50, 'learning_rate': 0.1, 'min_impurity_decrease': 0}
64,0.8330242194075841,0.7120911607848879,0.6939293501196148,0.5070738212679691,0.6473522215859031,0.5314572083097262,0.6034024949279155,0.7218169111964499,GradientBoostingRegressor,{'max_depth': 3, 'loss': 'absolute_error', 'n_estimators': 50, 'learning_rate': 0.1, 'min_impurity_decrease': 0.1}
65,0.8457260868604366,0.7327850471512117,0.7152526139962668,0.5369739253284036,0.6509300295154186,0.5444724169971671,0.5912157308833969,0.7054135731533218,GradientBoostingRegressor,{'max_depth': 3, 'loss': 'absolute_error', 'n_estimators': 50, 'learning_rate': 0.1, 'min_impurity_decrease': 0.2}
66,0.8802398423586392,0.6006165959246172,0.7748221800755619,0.36074029530007495,0.669531942290749,0.44058221340887627,0.5571702746979756,0.8020961733904075,GradientBoostingRegressor,{'max_depth': 3, 'loss': 'absolute_error', 'n_estimators': 50, 'learning_rate': 0.5, 'min_impurity_decrease': 0}
67,0.842113970116795,0.6254886554488136,0.7091559386658703,0.39123605809516465,0.6601968678414097,0.4487322610009442,0.5947001291508185,0.785366054157383,GradientBoostingRegressor,{'max_depth': 3, 'loss': 'absolute_error', 'n_estimators': 50, 'learning_rate': 0.5, 'min_impurity_decrease': 0.1}
68,0.8343997475226549,0.6174504875324727,0.6962229386658703,0.3812451045540882,0.6522546114537446,0.4452420005665722,0.6020916532767444,0.7908471383695389,GradientBoostingRegressor,{'max_depth': 3, 'loss': 'absolute_error', 'n_estimators': 50, 'learning_rate': 0.5, 'min_impurity_decrease': 0.2}
69,0.9876329444378604,0.6285957881612249,0.975418832938998,0.3951326648940315,0.7498298105726872,0.4360899204910292,0.44252440759675504,0.7832283572980754,GradientBoostingRegressor,{'max_depth': 3, 'loss': 'absolute_error', 'n_estimators': 50, 'learning_rate': 1.0, 'min_impurity_decrease': 0}
70,1.0030237778927742,0.5856301827734293,1.0060566990182933,0.3429627109752402,0.7667679286343613,0.42542233503305,0.42501412179361586,0.8118490399583991,GradientBoostingRegressor,{'max_depth': 3, 'loss': 'absolute_error', 'n_estimators': 50, 'learning_rate': 1.0, 'min_impurity_decrease': 0.1}
71,0.9856259228587917,0.6042487388150388,0.9714584598112448,0.365116538359565,0.7488818546255507,0.432731850802644,0.4447878571847437,0.7996953458174125,GradientBoostingRegressor,{'max_depth': 3, 'loss': 'absolute_error', 'n_estimators': 50, 'learning_rate': 1.0, 'min_impurity_decrease': 0.2}
72,1.05958955331074,1.0201426411227048,1.1227300214852536,1.0406910082368077,0.8473085585903084,0.7989396644003777,0.35833247964821424,0.42907200683822133,GradientBoostingRegressor,{'max_depth': 3, 'loss': 'absolute_error', 'n_estimators': 100, 'learning_rate': 0.01, 'min_impurity_decrease': 0}
73,1.062946670199355,1.0063265994036938,1.1298556236878965,1.0126932246674025,0.842160406167401,0.7907614434372049,0.35426002464221507,0.4444317228920195,GradientBoostingRegressor,{'max_depth': 3, 'loss': 'absolute_error', 'n_estimators': 100, 'learning_rate': 0.01, 'min_impurity_decrease': 0.1}
74,1.0497668610002968,1.0089700061907763,1.1020104624544165,1.018020473392615,0.8355524766519824,0.7954300521246459,0.3701742116867962,0.44150916912756233,GradientBoostingRegressor,{'max_depth': 3, 'loss': 'absolute_error', 'n_estimators': 100, 'learning_rate': 0.01, 'min_impurity_decrease': 0.2}
75,0.8220885682189399,0.6732074993836749,0.6758296139962667,0.45320833722642057,0.628974873568282,0.5014700779981114,0.6137469344414561,0.7513677696752148,GradientBoostingRegressor,{'max_depth': 3, 'loss': 'absolute_error', 'n_estimators': 100, 'learning_rate': 0.1, 'min_impurity_decrease': 0}
76,0.8255327581029797,0.6681613593985891,0.6815043347011127,0.44643960219337053,0.6416460955947138,0.4931479380547686,0.6105036935075846,0.7550811296236306,GradientBoostingRegressor,{'max_depth': 3, 'loss': 'absolute_error', 'n_estimators': 100, 'learning_rate': 0.1, 'min_impurity_decrease': 0.1}
77,0.819901528892322,0.6765401591154216,0.6722385170799672,0.4577065868959201,0.6305454801762115,0.5002661544853635,0.6157993336910785,0.7489000087008031,GradientBoostingRegressor,{'max_depth': 3, 'loss': 'absolute_error', 'n_estimators': 100, 'learning_rate': 0.1, 'min_impurity_decrease': 0.2}
78,0.8573733049496699,0.5808750080679174,0.7350889840403196,0.3374157749979031,0.6572362806167401,0.4193639899905571,0.5798787628364308,0.8148921151850251,GradientBoostingRegressor,{'max_depth': 3, 'loss': 'absolute_error', 'n_estimators': 100, 'learning_rate': 0.5, 'min_impurity_decrease': 0}
79,0.8485815344468652,0.568727841766812,0.7200906206041963,0.32345135800073593,0.6403531973568283,0.41377885930122754,0.5884506924109698,0.8225530601809606,GradientBoostingRegressor,{'max_depth': 3, 'loss': 'absolute_error', 'n_estimators': 100, 'learning_rate': 0.5, 'min_impurity_decrease': 0.1}
80,0.8399273864071796,0.5727999002322873,0.7054780144367955,0.32809972570611834,0.6431799392070484,0.4164086432483475,0.5968021523219724,0.8200029437443747,GradientBoostingRegressor,{'max_depth': 3, 'loss': 'absolute_error', 'n_estimators': 100, 'learning_rate': 0.5, 'min_impurity_decrease': 0.2}
81,0.9891392858296535,0.5453210412924472,0.978396526771597,0.29737503807627885,0.763966991629956,0.39036574013220016,0.44082258313195366,0.836858652220944,GradientBoostingRegressor,{'max_depth': 3, 'loss': 'absolute_error', 'n_estimators': 100, 'learning_rate': 1.0, 'min_impurity_decrease': 0}
82,0.9754852281279437,0.5488024191820541,0.9515714302958262,0.30118409530007495,0.7475970422907489,0.39267865401322,0.4561537783520071,0.8347689854712479,GradientBoostingRegressor,{'max_depth': 3, 'loss': 'absolute_error', 'n_estimators': 100, 'learning_rate': 1.0, 'min_impurity_decrease': 0.1}
83,0.9943882795770188,0.5701086700601822,0.9888080505601433,0.3250238956777897,0.7605784281938327,0.405431889707271,0.4348721440017679,0.8216903585980454,GradientBoostingRegressor,{'max_depth': 3, 'loss': 'absolute_error', 'n_estimators': 100, 'learning_rate': 1.0, 'min_impurity_decrease': 0.2}
84,0.9802988112666036,0.9520883670446441,0.9609857593707161,0.9064722586617369,0.783420960352423,0.7311952236071766,0.4507732602598047,0.5027050455913934,GradientBoostingRegressor,{'max_depth': 3, 'loss': 'absolute_error', 'n_estimators': 200, 'learning_rate': 0.01, 'min_impurity_decrease': 0}
85,0.9863564188068008,0.9393742497223033,0.9728989849213769,0.8824239810413403,0.7895149770925111,0.7239749050047214,0.44396456204011026,0.515898044062738,GradientBoostingRegressor,{'max_depth': 3, 'loss': 'absolute_error', 'n_estimators': 200, 'learning_rate': 0.01, 'min_impurity_decrease': 0.1}
86,0.9762101103937786,0.9355899372141682,0.9529861796350334,0.8753285306164111,0.7734224497797357,0.7191817586402266,0.4553452146875142,0.5197906416153459,GradientBoostingRegressor,{'max_depth': 3, 'loss': 'absolute_error', 'n_estimators': 200, 'learning_rate': 0.01, 'min_impurity_decrease': 0.2}
87,0.8084816022773409,0.6316142270005921,0.6536425012209364,0.39893653174955557,0.6183943942731278,0.4636543669499528,0.6264274091467446,0.7811415380088818,GradientBoostingRegressor,{'max_depth': 3, 'loss': 'absolute_error', 'n_estimators': 200, 'learning_rate': 0.1, 'min_impurity_decrease': 0}
88,0.8067329328901124,0.6237210175748964,0.6508180250094826,0.38902790776466417,0.6226343000000001,0.45937220868744094,0.6280416660136792,0.7865774558383951,GradientBoostingRegressor,{'max_depth': 3, 'loss': 'absolute_error', 'n_estimators': 200, 'learning_rate': 0.1, 'min_impurity_decrease': 0.1}
89,0.8066719072700161,0.6332747044500497,0.6507195659786456,0.40103685129629785,0.6230369546255506,0.4630237803588291,0.6280979377450522,0.7799892928041772,GradientBoostingRegressor,{'max_depth': 3, 'loss': 'absolute_error', 'n_estimators': 200, 'learning_rate': 0.1, 'min_impurity_decrease': 0.2}
90,0.8179499997567049,0.5207146697134134,0.6690422021019935,0.2711437672547492,0.6361176167400882,0.38549870915958445,0.6176261054589398,0.8512492510535337,GradientBoostingRegressor,{'max_depth': 3, 'loss': 'absolute_error', 'n_estimators': 200, 'learning_rate': 0.5, 'min_impurity_decrease': 0}
91,0.8598923346629657,0.5384948990482818,0.7394148272121258,0.2899767563010192,0.6624647088105727,0.39259741435316337,0.5774064382273396,0.840917384479956,GradientBoostingRegressor,{'max_depth': 3, 'loss': 'absolute_error', 'n_estimators': 200, 'learning_rate': 0.5, 'min_impurity_decrease': 0.1}
92,0.8576900628736548,0.5417281718748005,0.7356322439522139,0.29346941220281336,0.6648624242290749,0.39259392407932003,0.5795682765806962,0.8390012969870945,GradientBoostingRegressor,{'max_depth': 3, 'loss': 'absolute_error', 'n_estimators': 200, 'learning_rate': 0.5, 'min_impurity_decrease': 0.2}
93,1.1039818878541094,0.5363972830401554,1.2187760087099233,0.2877220452528606,0.816822832599119,0.38015722644003774,0.30343986140267765,0.8421543295901726,GradientBoostingRegressor,{'max_depth': 3, 'loss': 'absolute_error', 'n_estimators': 200, 'learning_rate': 1.0, 'min_impurity_decrease': 0}
94,0.9337238040181365,0.5202409332543992,0.8718401421900993,0.2706506286334083,0.7171023392070486,0.371325275542965,0.5017221491572832,0.8515197892259636,GradientBoostingRegressor,{'max_depth': 3, 'loss': 'absolute_error', 'n_estimators': 200, 'learning_rate': 1.0, 'min_impurity_decrease': 0.1}
95,0.9940659305844304,0.5100790780244947,0.9881670743486897,0.2601806658383185,0.7689393088105727,0.36294480830972614,0.43523847749988165,0.8572636601730247,GradientBoostingRegressor,{'max_depth': 3, 'loss': 'absolute_error', 'n_estimators': 200, 'learning_rate': 1.0, 'min_impurity_decrease': 0.2}
96,1.4041385186779234,1.4332325196081424,1.9716049796350332,2.054155455262304,1.0954885286343612,1.1180532847969784,-0.12682020983284215,-0.1269193664911188,GradientBoostingRegressor,{'max_depth': 3, 'loss': 'huber', 'n_estimators': 10, 'learning_rate': 0.01, 'min_impurity_decrease': 0}
97,1.4041385186779234,1.4332325196081424,1.9716049796350332,2.054155455262304,1.0954885286343612,1.1180532847969784,-0.12682020983284215,-0.1269193664911188,GradientBoostingRegressor,{'max_depth': 3, 'loss': 'huber', 'n_estimators': 10, 'learning_rate': 0.01, 'min_impurity_decrease': 0.1}
98,1.4041385186779234,1.4332325196081424,1.9716049796350332,2.054155455262304,1.0954885286343612,1.1180532847969784,-0.12682020983284215,-0.1269193664911188,GradientBoostingRegressor,{'max_depth': 3, 'loss': 'huber', 'n_estimators': 10, 'learning_rate': 0.01, 'min_impurity_decrease': 0.2}
99,1.0309016069671093,0.9932709645369875,1.0627581232473682,0.9865872089922374,0.8302767149779735,0.7859807499527857,0.3926078784499546,0.4587536061608336,GradientBoostingRegressor,{'max_depth': 3, 'loss': 'huber', 'n_estimators': 10, 'learning_rate': 0.1, 'min_impurity_decrease': 0}
100,1.0309016069671093,0.9932709645369875,1.0627581232473682,0.9865872089922374,0.8302767149779735,0.7859807499527857,0.3926078784499546,0.4587536061608336,GradientBoostingRegressor,{'max_depth': 3, 'loss': 'huber', 'n_estimators': 10, 'learning_rate': 0.1, 'min_impurity_decrease': 0.1}
101,1.0309016069671093,0.9932709645369875,1.0627581232473682,0.9865872089922374,0.8302767149779735,0.7859807499527857,0.3926078784499546,0.4587536061608336,GradientBoostingRegressor,{'max_depth': 3, 'loss': 'huber', 'n_estimators': 10, 'learning_rate': 0.1, 'min_impurity_decrease': 0.2}
102,0.8521942137053728,0.6763695413676437,0.7262349778729187,0.45747575648987665,0.6670210947136564,0.5225658239848914,0.5849390427558185,0.749026643349743,GradientBoostingRegressor,{'max_depth': 3, 'loss': 'huber', 'n_estimators': 10, 'learning_rate': 0.5, 'min_impurity_decrease': 0}
103,0.8525037718137201,0.6763695413676437,0.7267626809566192,0.45747575648987665,0.6675487977973569,0.5225658239848914,0.5846374476058536,0.749026643349743,GradientBoostingRegressor,{'max_depth': 3, 'loss': 'huber', 'n_estimators': 10, 'learning_rate': 0.5, 'min_impurity_decrease': 0.1}
104,0.8511997427760383,0.6763695413676437,0.7245410021019937,0.45747575648987665,0.6666722788546257,0.5225658239848914,0.585907191118884,0.749026643349743,GradientBoostingRegressor,{'max_depth': 3, 'loss': 'huber', 'n_estimators': 10, 'learning_rate': 0.5, 'min_impurity_decrease': 0.2}
105,0.9688997733638195,0.6134319130266433,0.9387667708244607,0.3762987119195273,0.7374038405286344,0.47849474504249284,0.4634719527436305,0.7935607526872265,GradientBoostingRegressor,{'max_depth': 3, 'loss': 'huber', 'n_estimators': 10, 'learning_rate': 1.0, 'min_impurity_decrease': 0}
106,0.9965763003234176,0.6307946840686535,0.9931643223663107,0.3979019334492723,0.7554797321585902,0.48285241152030217,0.43238242868789045,0.7817091235137378,GradientBoostingRegressor,{'max_depth': 3, 'loss': 'huber', 'n_estimators': 10, 'learning_rate': 1.0, 'min_impurity_decrease': 0.1}
107,0.9964927090965645,0.6307946840686535,0.9929977192826103,0.3979019334492723,0.75756811938326,0.48285241152030217,0.4324776464032407,0.7817091235137378,GradientBoostingRegressor,{'max_depth': 3, 'loss': 'huber', 'n_estimators': 10, 'learning_rate': 1.0, 'min_impurity_decrease': 0.2}
108,1.1493911013506708,1.137655900272451,1.321099903864108,1.2942609474247209,0.9202883792951543,0.9008064604343721,0.24495926605041007,0.28996234281605726,GradientBoostingRegressor,{'max_depth': 3, 'loss': 'huber', 'n_estimators': 50, 'learning_rate': 0.01, 'min_impurity_decrease': 0}
109,1.1493911013506708,1.137655900272451,1.321099903864108,1.2942609474247209,0.9202883792951543,0.9008064604343721,0.24495926605041007,0.28996234281605726,GradientBoostingRegressor,{'max_depth': 3, 'loss': 'huber', 'n_estimators': 50, 'learning_rate': 0.01, 'min_impurity_decrease': 0.1}
110,1.1493911013506708,1.137655900272451,1.321099903864108,1.2942609474247209,0.9202883792951543,0.9008064604343721,0.24495926605041007,0.28996234281605726,GradientBoostingRegressor,{'max_depth': 3, 'loss': 'huber', 'n_estimators': 50, 'learning_rate': 0.01, 'min_impurity_decrease': 0.2}
111,0.8106782038019863,0.6500990626355653,0.6571991501196148,0.4226287912396406,0.6354217273127754,0.506981549197356,0.6243946977772223,0.7681438527621727,GradientBoostingRegressor,{'max_depth': 3, 'loss': 'huber', 'n_estimators': 50, 'learning_rate': 0.1, 'min_impurity_decrease': 0}
112,0.8184290896523768,0.6522861955820556,0.6698261747892182,0.4254772809469117,0.6424181977973569,0.5104515737488197,0.6171780459961943,0.7665811578803656,GradientBoostingRegressor,{'max_depth': 3, 'loss': 'huber', 'n_estimators': 50, 'learning_rate': 0.1, 'min_impurity_decrease': 0.1}
113,0.8173861902676847,0.6515619647306343,0.6681201840403196,0.4245329938836444,0.6400916718061674,0.5095072866855525,0.6181530612114646,0.767099198214848,GradientBoostingRegressor,{'max_depth': 3, 'loss': 'huber', 'n_estimators': 50, 'learning_rate': 0.1, 'min_impurity_decrease': 0.2}
114,0.8483874929684794,0.42233325156281254,0.7197613382253417,0.1783653753756179,0.6571434519823789,0.3231425644948064,0.5886388853010607,0.9021479142158815,GradientBoostingRegressor,{'max_depth': 3, 'loss': 'huber', 'n_estimators': 50, 'learning_rate': 0.5, 'min_impurity_decrease': 0}
115,0.8638837341140019,0.4209615107179391,0.7462951060667514,0.17720859350592955,0.6619734220264317,0.325383173937677,0.5734741914828052,0.9027825302029131,GradientBoostingRegressor,{'max_depth': 3, 'loss': 'huber', 'n_estimators': 50, 'learning_rate': 0.5, 'min_impurity_decrease': 0.1}
116,0.8727117454510677,0.4343320887163917,0.7616257906482491,0.1886443632887435,0.6784046290748897,0.3310363471199244,0.564712332289184,0.896508812989363,GradientBoostingRegressor,{'max_depth': 3, 'loss': 'huber', 'n_estimators': 50, 'learning_rate': 0.5, 'min_impurity_decrease': 0.2}
117,1.0984422846753428,0.37557553332212373,1.2065754527627868,0.1410569812301977,0.8415113242290749,0.2965194026440038,0.3104127759339518,0.9226154751239186,GradientBoostingRegressor,{'max_depth': 3, 'loss': 'huber', 'n_estimators': 50, 'learning_rate': 1.0, 'min_impurity_decrease': 0}
118,1.0530025111297723,0.3848661603728878,1.108814288445606,0.14812196140016937,0.7956823563876653,0.30191658186968834,0.3662856596136128,0.9187395936968238,GradientBoostingRegressor,{'max_depth': 3, 'loss': 'huber', 'n_estimators': 50, 'learning_rate': 1.0, 'min_impurity_decrease': 0.1}
119,1.0845719112794479,0.3914878007459953,1.1762962307363547,0.15326269813293614,0.8293862370044053,0.306612654957507,0.32771808793601187,0.9159193612906803,GradientBoostingRegressor,{'max_depth': 3, 'loss': 'huber', 'n_estimators': 50, 'learning_rate': 1.0, 'min_impurity_decrease': 0.2}
120,1.0335341247989929,0.9989961605170647,1.06819278712402,0.997993328727837,0.8286253440528634,0.7921487769593957,0.3895018358333482,0.45249615510296204,GradientBoostingRegressor,{'max_depth': 3, 'loss': 'huber', 'n_estimators': 100, 'learning_rate': 0.01, 'min_impurity_decrease': 0}
121,1.0335341247989929,0.9989961605170647,1.06819278712402,0.997993328727837,0.8286253440528634,0.7921487769593957,0.3895018358333482,0.45249615510296204,GradientBoostingRegressor,{'max_depth': 3, 'loss': 'huber', 'n_estimators': 100, 'learning_rate': 0.01, 'min_impurity_decrease': 0.1}
122,1.0335341247989929,0.9981079037170743,1.06819278712402,0.9962193874624924,0.8286253440528634,0.7915118702549575,0.3895018358333482,0.4534693476438738,GradientBoostingRegressor,{'max_depth': 3, 'loss': 'huber', 'n_estimators': 100, 'learning_rate': 0.01, 'min_impurity_decrease': 0.2}
123,0.76603976840083,0.5573845592211437,0.5868169267715972,0.31067754685814863,0.5875826233480177,0.4353908434372049,0.6646198506352741,0.8295608331922996,GradientBoostingRegressor,{'max_depth': 3, 'loss': 'huber', 'n_estimators': 100, 'learning_rate': 0.1, 'min_impurity_decrease': 0}
124,0.7662920837439218,0.5563043868630194,0.5872035576086015,0.30947457084304003,0.5936741189427313,0.43534850009442866,0.6643988817062132,0.8302207915052779,GradientBoostingRegressor,{'max_depth': 3, 'loss': 'huber', 'n_estimators': 100, 'learning_rate': 0.1, 'min_impurity_decrease': 0.1}
125,0.769374918136184,0.5586137958558414,0.5919377646570597,0.3120493729204716,0.5909648603524228,0.4371514224740321,0.6616931672071946,0.8288082429474236,GradientBoostingRegressor,{'max_depth': 3, 'loss': 'huber', 'n_estimators': 100, 'learning_rate': 0.1, 'min_impurity_decrease': 0.2}
126,0.8620372186971826,0.36329866636788394,0.7431081664191743,0.13198592098468306,0.665695865198238,0.27977572672332385,0.5752956050212676,0.9275919015375529,GradientBoostingRegressor,{'max_depth': 3, 'loss': 'huber', 'n_estimators': 100, 'learning_rate': 0.5, 'min_impurity_decrease': 0}
127,0.8708770286431337,0.3784078852173835,0.7584267990182934,0.1431925275946925,0.660933095154185,0.2943258047214352,0.5665406338287691,0.9214439043209282,GradientBoostingRegressor,{'max_depth': 3, 'loss': 'huber', 'n_estimators': 100, 'learning_rate': 0.5, 'min_impurity_decrease': 0.1}
128,0.8558819025875495,0.4294467118315238,0.7325338311768835,0.1844244783029078,0.6635856242290749,0.3280218866855524,0.5813390948580435,0.8988238617860453,GradientBoostingRegressor,{'max_depth': 3, 'loss': 'huber', 'n_estimators': 100, 'learning_rate': 0.5, 'min_impurity_decrease': 0.2}
129,1.0415532707252093,0.3428496482784056,1.0848332157583813,0.1175458813246264,0.815092259030837,0.2720473850802643,0.3799914260508822,0.9355137753685379,GradientBoostingRegressor,{'max_depth': 3, 'loss': 'huber', 'n_estimators': 100, 'learning_rate': 1.0, 'min_impurity_decrease': 0}
130,1.0559862875752353,0.3729889108200035,1.1151070395469274,0.13912072759469252,0.8016603660792953,0.29291534806421143,0.36268919927309906,0.9236777129962762,GradientBoostingRegressor,{'max_depth': 3, 'loss': 'huber', 'n_estimators': 100, 'learning_rate': 1.0, 'min_impurity_decrease': 0.1}
131,1.0884594297886467,0.3914878007459953,1.184743930295826,0.15326269813293614,0.8306912039647578,0.306612654957507,0.32289002212742857,0.9159193612906803,GradientBoostingRegressor,{'max_depth': 3, 'loss': 'huber', 'n_estimators': 100, 'learning_rate': 1.0, 'min_impurity_decrease': 0.2}
132,0.9087890652387871,0.8031156694936252,0.8258975650975884,0.6449947785861939,0.729974274889868,0.6242275101038716,0.5279794496279018,0.6461528238223735,GradientBoostingRegressor,{'max_depth': 3, 'loss': 'huber', 'n_estimators': 200, 'learning_rate': 0.01, 'min_impurity_decrease': 0}
133,0.9077516618740135,0.8076929493311336,0.8240130796350333,0.6523679003992251,0.7285727057268723,0.6273368576015109,0.5290564789143344,0.6421078944372496,GradientBoostingRegressor,{'max_depth': 3, 'loss': 'huber', 'n_estimators': 200, 'learning_rate': 0.01, 'min_impurity_decrease': 0.1}
134,0.9087890652387871,0.8031156694936252,0.8258975650975884,0.6449947785861939,0.729974274889868,0.6242275101038716,0.5279794496279018,0.6461528238223735,GradientBoostingRegressor,{'max_depth': 3, 'loss': 'huber', 'n_estimators': 200, 'learning_rate': 0.01, 'min_impurity_decrease': 0.2}
135,0.7462747326228678,0.44973676670107576,0.5569259765513328,0.20226315932273786,0.5740524370044053,0.34838473994334274,0.6817032558544759,0.8890374772831562,GradientBoostingRegressor,{'max_depth': 3, 'loss': 'huber', 'n_estimators': 200, 'learning_rate': 0.1, 'min_impurity_decrease': 0}
136,0.7451811303837257,0.4533390215747177,0.5552949170799673,0.20551626848232238,0.578789054185022,0.34786384551463645,0.6826354460217549,0.8872528062623463,GradientBoostingRegressor,{'max_depth': 3, 'loss': 'huber', 'n_estimators': 200, 'learning_rate': 0.1, 'min_impurity_decrease': 0.1}
137,0.7558860785700464,0.4530461688267043,0.5713637637760024,0.20525083108855466,0.5723921202643172,0.3515554334277621,0.6734517092221299,0.8873984264678966,GradientBoostingRegressor,{'max_depth': 3, 'loss': 'huber', 'n_estimators': 200, 'learning_rate': 0.1, 'min_impurity_decrease': 0.2}
138,0.8606515523793627,0.34399376507237445,0.740721094613007,0.11833171040866794,0.6655037405286344,0.26796928706326717,0.5766598746296805,0.935082665828464,GradientBoostingRegressor,{'max_depth': 3, 'loss': 'huber', 'n_estimators': 200, 'learning_rate': 0.5, 'min_impurity_decrease': 0}
139,0.8822953716340347,0.38411019813143926,0.7784451228068394,0.14754064430857353,0.6804597092511013,0.2973769711048158,0.5550996747903683,0.919058506993728,GradientBoostingRegressor,{'max_depth': 3, 'loss': 'huber', 'n_estimators': 200, 'learning_rate': 0.5, 'min_impurity_decrease': 0.1}
140,0.8627715127189018,0.4294467118315238,0.7443746831592623,0.1844244783029078,0.6700146665198238,0.3280218866855524,0.5745717598932811,0.8988238617860453,GradientBoostingRegressor,{'max_depth': 3, 'loss': 'huber', 'n_estimators': 200, 'learning_rate': 0.5, 'min_impurity_decrease': 0.2}
141,1.1286512128429107,0.3297070627630888,1.2738535602517733,0.10870674723586339,0.862998765198238,0.2675326740321057,0.27196170080432336,0.940362965999228,GradientBoostingRegressor,{'max_depth': 3, 'loss': 'huber', 'n_estimators': 200, 'learning_rate': 1.0, 'min_impurity_decrease': 0}
142,1.0524760580473014,0.3729889108200035,1.1077058527627865,0.13912072759469252,0.7914960854625551,0.29291534806421143,0.3669191575716735,0.9236777129962762,GradientBoostingRegressor,{'max_depth': 3, 'loss': 'huber', 'n_estimators': 200, 'learning_rate': 1.0, 'min_impurity_decrease': 0.1}
143,1.0922324611723264,0.3914878007459953,1.1929717492385574,0.15326269813293614,0.8363429823788545,0.306612654957507,0.3181876234404303,0.9159193612906803,GradientBoostingRegressor,{'max_depth': 3, 'loss': 'huber', 'n_estimators': 200, 'learning_rate': 1.0, 'min_impurity_decrease': 0.2}
144,1.0859038572194226,1.0704993519978152,1.17918718712402,1.1459688626277424,0.8547959008810573,0.8456079901794146,0.3260658360310843,0.37131607961672153,GradientBoostingRegressor,{'max_depth': 5, 'loss': 'squared_error', 'n_estimators': 10, 'learning_rate': 0.01, 'min_impurity_decrease': 0}
145,1.0859038572194226,1.0704993519978152,1.17918718712402,1.1459688626277424,0.8547959008810573,0.8456079901794146,0.3260658360310843,0.37131607961672153,GradientBoostingRegressor,{'max_depth': 5, 'loss': 'squared_error', 'n_estimators': 10, 'learning_rate': 0.01, 'min_impurity_decrease': 0.1}
146,1.0873420824674436,1.0704993519978152,1.1823128043046367,1.1459688626277424,0.8569985440528635,0.8456079901794146,0.3242794697743042,0.37131607961672153,GradientBoostingRegressor,{'max_depth': 5, 'loss': 'squared_error', 'n_estimators': 10, 'learning_rate': 0.01, 'min_impurity_decrease': 0.2}
147,0.9324991341238025,0.8142558412427283,0.8695546351416413,0.6630125749979031,0.7557923964757708,0.6558190679886685,0.5030283720358614,0.6362681757711107,GradientBoostingRegressor,{'max_depth': 5, 'loss': 'squared_error', 'n_estimators': 10, 'learning_rate': 0.1, 'min_impurity_decrease': 0}
148,0.9419860546802834,0.8128041234399592,0.8873377272121258,0.6606505430810005,0.7609941083700441,0.6553100003777148,0.4928649023016505,0.6375639976158541,GradientBoostingRegressor,{'max_depth': 5, 'loss': 'squared_error', 'n_estimators': 10, 'learning_rate': 0.1, 'min_impurity_decrease': 0.1}
149,0.9419668135730254,0.8125987660594265,0.8873014778729187,0.6603167546013026,0.7625285511013217,0.6544142355051935,0.49288561968085864,0.6377471155493677,GradientBoostingRegressor,{'max_depth': 5, 'loss': 'squared_error', 'n_estimators': 10, 'learning_rate': 0.1, 'min_impurity_decrease': 0.2}
150,0.8648721493383358,0.44444301937586467,0.7480038347011125,0.19752959747193521,0.662045373568282,0.35505679225684605,0.5724976114993875,0.8916343316295435,GradientBoostingRegressor,{'max_depth': 5, 'loss': 'squared_error', 'n_estimators': 10, 'learning_rate': 0.5, 'min_impurity_decrease': 0}
151,0.8578470014361061,0.47159390742970303,0.7359014778729187,0.2224008135248153,0.6556764810572688,0.3786195563739376,0.5794144028452592,0.8779898652546282,GradientBoostingRegressor,{'max_depth': 5, 'loss': 'squared_error', 'n_estimators': 10, 'learning_rate': 0.5, 'min_impurity_decrease': 0.1}
152,0.856131396305941,0.48745603992762854,0.7329609677407602,0.23761339086192576,0.643741827753304,0.3905556290840415,0.5810949759206772,0.8696441736121012,GradientBoostingRegressor,{'max_depth': 5, 'loss': 'squared_error', 'n_estimators': 10, 'learning_rate': 0.5, 'min_impurity_decrease': 0.2}
153,1.0868987168104471,0.42446681515727863,1.1813488206041964,0.18017207716976333,0.7813244696035242,0.337427355618508,0.32483040991029766,0.9011567490944293,GradientBoostingRegressor,{'max_depth': 5, 'loss': 'squared_error', 'n_estimators': 10, 'learning_rate': 1.0, 'min_impurity_decrease': 0}
154,1.112306693153931,0.43960017880744184,1.2372261796350332,0.19324831720753483,0.8149498052863436,0.348523021529745,0.29289513987477167,0.8939830621654771,GradientBoostingRegressor,{'max_depth': 5, 'loss': 'squared_error', 'n_estimators': 10, 'learning_rate': 1.0, 'min_impurity_decrease': 0.1}
155,1.0644381260216234,0.41571363573220876,1.1330285241284253,0.17281782693369158,0.8238829977973567,0.32820867271010384,0.3524466348521177,0.9051913254434685,GradientBoostingRegressor,{'max_depth': 5, 'loss': 'squared_error', 'n_estimators': 10, 'learning_rate': 1.0, 'min_impurity_decrease': 0.2}
156,1.0402605531315474,0.9758245626521884,1.082142018401553,0.9522335770753347,0.8343447766519823,0.7884733726156752,0.3815295108100738,0.4776001705809162,GradientBoostingRegressor,{'max_depth': 5, 'loss': 'squared_error', 'n_estimators': 50, 'learning_rate': 0.01, 'min_impurity_decrease': 0}
157,1.0359697446323535,0.9761560430195995,1.0732333117936235,0.952880620323682,0.8311674806167401,0.7889708762983948,0.38662105336194175,0.4772451996045707,GradientBoostingRegressor,{'max_depth': 5, 'loss': 'squared_error', 'n_estimators': 50, 'learning_rate': 0.01, 'min_impurity_decrease': 0.1}
158,1.0397919818589278,0.9733291855384506,1.081167365538117,0.9473697034209436,0.8333701237885462,0.7870823021718603,0.3820865486322721,0.4802685145970701,GradientBoostingRegressor,{'max_depth': 5, 'loss': 'squared_error', 'n_estimators': 50, 'learning_rate': 0.01, 'min_impurity_decrease': 0.2}
159,0.7850856848131097,0.45278970069191254,0.6163595324984694,0.20501851305267174,0.6064761418502204,0.36166613238904627,0.6477355327683527,0.8875258772375796,GradientBoostingRegressor,{'max_depth': 5, 'loss': 'squared_error', 'n_estimators': 50, 'learning_rate': 0.1, 'min_impurity_decrease': 0}
160,0.7742821119502469,0.45831445976020374,0.5995127888861346,0.21005214402528744,0.5852439136563877,0.3658573833805477,0.657363856579832,0.8847644035563748,GradientBoostingRegressor,{'max_depth': 5, 'loss': 'squared_error', 'n_estimators': 50, 'learning_rate': 0.1, 'min_impurity_decrease': 0.1}
161,0.7471846379304532,0.45396713691650564,0.5582848831592624,0.2060861614001694,0.5753840665198237,0.3622887926345609,0.6809266076694152,0.8869401603210165,GradientBoostingRegressor,{'max_depth': 5, 'loss': 'squared_error', 'n_estimators': 50, 'learning_rate': 0.1, 'min_impurity_decrease': 0.2}
162,0.8728785506681506,0.3295337366506127,0.7619169642165311,0.10859248359091535,0.6594734418502203,0.26754211425873464,0.5645459195114226,0.9404256515735101,GradientBoostingRegressor,{'max_depth': 5, 'loss': 'squared_error', 'n_estimators': 50, 'learning_rate': 0.5, 'min_impurity_decrease': 0}
163,0.8394643708075392,0.34713700305263595,0.7047004298552977,0.12050409888836577,0.6455645740088106,0.279453729556185,0.5972465608268893,0.9338908832673914,GradientBoostingRegressor,{'max_depth': 5, 'loss': 'squared_error', 'n_estimators': 50, 'learning_rate': 0.5, 'min_impurity_decrease': 0.1}
164,0.8501217991956402,0.36171906043312485,0.7227070734676325,0.13084067868062263,0.6389282546255507,0.2897820657223796,0.586955325948089,0.9282201868644809,GradientBoostingRegressor,{'max_depth': 5, 'loss': 'squared_error', 'n_estimators': 50, 'learning_rate': 0.5, 'min_impurity_decrease': 0.2}
165,1.137369118533479,0.32430231981759544,1.2936085117936234,0.10517199463907397,0.8310215986784141,0.2641216253068932,0.2606712654120644,0.9423021479374168,GradientBoostingRegressor,{'max_depth': 5, 'loss': 'squared_error', 'n_estimators': 50, 'learning_rate': 1.0, 'min_impurity_decrease': 0}
166,1.165634226934278,0.3439937925230762,1.3587031510006722,0.11833172929440922,0.8615577682819384,0.27728135996222847,0.22346809552361258,0.9350826554676573,GradientBoostingRegressor,{'max_depth': 5, 'loss': 'squared_error', 'n_estimators': 50, 'learning_rate': 1.0, 'min_impurity_decrease': 0.1}
167,1.096686160531404,0.3480948387083487,1.2027205347011125,0.12117001673539127,0.8387618691629956,0.28011964740321055,0.31261595538623144,0.9335255575972321,GradientBoostingRegressor,{'max_depth': 5, 'loss': 'squared_error', 'n_estimators': 50, 'learning_rate': 1.0, 'min_impurity_decrease': 0.2}
168,0.9246314097802507,0.8160095028300537,0.8549432439522139,0.6658715087089514,0.7472831559471366,0.6588446472143531,0.5113791375573951,0.6346997512595962,GradientBoostingRegressor,{'max_depth': 5, 'loss': 'squared_error', 'n_estimators': 100, 'learning_rate': 0.01, 'min_impurity_decrease': 0}
169,0.9194847936765644,0.8153163992584089,0.8454522858024343,0.6647408308996973,0.7418547788546256,0.6582096279508971,0.5168034510300812,0.6353200464360134,GradientBoostingRegressor,{'max_depth': 5, 'loss': 'squared_error', 'n_estimators': 100, 'learning_rate': 0.01, 'min_impurity_decrease': 0.1}
170,0.9302206568249987,0.8145279079711232,0.8653104703839319,0.6634557128638144,0.7516400044052864,0.6585453797922567,0.505454015444275,0.6360250682488238,GradientBoostingRegressor,{'max_depth': 5, 'loss': 'squared_error', 'n_estimators': 100, 'learning_rate': 0.01, 'min_impurity_decrease': 0.2}
171,0.780604218073282,0.36949092294224667,0.6093429452737998,0.13652354213671328,0.5969398431718063,0.2954731728045325,0.6517456830623919,0.925102541182219,GradientBoostingRegressor,{'max_depth': 5, 'loss': 'squared_error', 'n_estimators': 100, 'learning_rate': 0.1, 'min_impurity_decrease': 0}
172,0.7693321455129863,0.37692561405340536,0.5918719501196148,0.14207291852953668,0.5805011339207048,0.30101430557129366,0.6617307818164393,0.9220581271321525,GradientBoostingRegressor,{'max_depth': 5, 'loss': 'squared_error', 'n_estimators': 100, 'learning_rate': 0.1, 'min_impurity_decrease': 0.1}
173,0.7714570143627464,0.38347731720032296,0.5951459250094827,0.14705485280715713,0.5876761365638766,0.3057810489140698,0.6598596255196687,0.9193250145015316,GradientBoostingRegressor,{'max_depth': 5, 'loss': 'squared_error', 'n_estimators': 100, 'learning_rate': 0.1, 'min_impurity_decrease': 0.2}
174,0.876524554735083,0.32419325005800503,0.7682952950535354,0.10510126338317219,0.6582257436123348,0.26405089405099147,0.5609005482700358,0.942340951437847,GradientBoostingRegressor,{'max_depth': 5, 'loss': 'squared_error', 'n_estimators': 100, 'learning_rate': 0.5, 'min_impurity_decrease': 0}
175,0.8567341323115547,0.34713700305263595,0.7339933734676325,0.12050409888836577,0.6552772550660794,0.279453729556185,0.5805049309320496,0.9338908832673914,GradientBoostingRegressor,{'max_depth': 5, 'loss': 'squared_error', 'n_estimators': 100, 'learning_rate': 0.5, 'min_impurity_decrease': 0.1}
176,0.865485586951589,0.36171906043312485,0.7490653012209364,0.13084067868062263,0.6484478211453746,0.2897820657223796,0.5718909575606153,0.9282201868644809,GradientBoostingRegressor,{'max_depth': 5, 'loss': 'squared_error', 'n_estimators': 100, 'learning_rate': 0.5, 'min_impurity_decrease': 0.2}
177,1.1404406449513538,0.32419325005800503,1.3006048646570598,0.10510126338317219,0.8391316343612336,0.26405089405099147,0.2566726795477189,0.942340951437847,GradientBoostingRegressor,{'max_depth': 5, 'loss': 'squared_error', 'n_estimators': 100, 'learning_rate': 1.0, 'min_impurity_decrease': 0}
178,1.1488017988439536,0.3439937925230762,1.3197455730271035,0.11833172929440922,0.8456175713656388,0.27728135996222847,0.24573329907107067,0.9350826554676573,GradientBoostingRegressor,{'max_depth': 5, 'loss': 'squared_error', 'n_estimators': 100, 'learning_rate': 1.0, 'min_impurity_decrease': 0.1}
179,1.0936553280404813,0.3480948387083487,1.1960819765513329,0.12117001673539127,0.8511538378854626,0.28011964740321055,0.31641005286751644,0.9335255575972321,GradientBoostingRegressor,{'max_depth': 5, 'loss': 'squared_error', 'n_estimators': 100, 'learning_rate': 1.0, 'min_impurity_decrease': 0.2}
180,0.8165938955244035,0.6226337656755986,0.6668255902077205,0.38767280615937616,0.6534492563876653,0.5003639289896129,0.6188929530808631,0.7873208709672989,GradientBoostingRegressor,{'max_depth': 5, 'loss': 'squared_error', 'n_estimators': 200, 'learning_rate': 0.01, 'min_impurity_decrease': 0}
181,0.8192225982833463,0.6169197658301566,0.671125665538117,0.3805899974719352,0.651577624229075,0.4965836322946175,0.6164353554200014,0.7912065332031248,GradientBoostingRegressor,{'max_depth': 5, 'loss': 'squared_error', 'n_estimators': 200, 'learning_rate': 0.01, 'min_impurity_decrease': 0.1}
182,0.8155837397001163,0.6206817082288751,0.6651768364632271,0.38524578292991446,0.6504657850220263,0.49839551633616624,0.6198352559556899,0.7886523473524953,GradientBoostingRegressor,{'max_depth': 5, 'loss': 'squared_error', 'n_estimators': 200, 'learning_rate': 0.01, 'min_impurity_decrease': 0.2}
183,0.7623669291759138,0.33232767730325236,0.5812033347011126,0.11044168510177464,0.5815986070484582,0.2693913157695939,0.6678281550675089,0.9394111709071158,GradientBoostingRegressor,{'max_depth': 5, 'loss': 'squared_error', 'n_estimators': 200, 'learning_rate': 0.1, 'min_impurity_decrease': 0}
184,0.7644272690577477,0.3580403445316612,0.5843490496790862,0.12819288831235068,0.5760851259911896,0.2871425189801699,0.6660303024306128,0.9296727771427729,GradientBoostingRegressor,{'max_depth': 5, 'loss': 'squared_error', 'n_estimators': 200, 'learning_rate': 0.1, 'min_impurity_decrease': 0.1}
185,0.7617004908655456,0.38347731720032296,0.5801876377848131,0.14705485280715713,0.5831805704845815,0.3057810489140698,0.6684086505644128,0.9193250145015316,GradientBoostingRegressor,{'max_depth': 5, 'loss': 'squared_error', 'n_estimators': 200, 'learning_rate': 0.1, 'min_impurity_decrease': 0.2}
186,0.8876557813944337,0.32419325005800503,0.7879327862429627,0.10510126338317219,0.6617702330396477,0.26405089405099147,0.5496772443266885,0.942340951437847,GradientBoostingRegressor,{'max_depth': 5, 'loss': 'squared_error', 'n_estimators': 200, 'learning_rate': 0.5, 'min_impurity_decrease': 0}
187,0.8548952401935093,0.34713700305263595,0.730845871705518,0.12050409888836577,0.6520552035242291,0.279453729556185,0.58230380475955,0.9338908832673914,GradientBoostingRegressor,{'max_depth': 5, 'loss': 'squared_error', 'n_estimators': 200, 'learning_rate': 0.5, 'min_impurity_decrease': 0.1}
188,0.8622014681647892,0.36171906043312485,0.743391371705518,0.13084067868062263,0.6523569286343613,0.2897820657223796,0.5751337463104814,0.9282201868644809,GradientBoostingRegressor,{'max_depth': 5, 'loss': 'squared_error', 'n_estimators': 200, 'learning_rate': 0.5, 'min_impurity_decrease': 0.2}
189,1.1388090710649783,0.32419325005800503,1.296886100339879,0.10510126338317219,0.8343059881057269,0.26405089405099147,0.2587980438227575,0.942340951437847,GradientBoostingRegressor,{'max_depth': 5, 'loss': 'squared_error', 'n_estimators': 200, 'learning_rate': 1.0, 'min_impurity_decrease': 0}
190,1.1541220943686692,0.3439937925230762,1.3319978087099231,0.11833172929440922,0.8477350211453745,0.27728135996222847,0.23873084831362135,0.9350826554676573,GradientBoostingRegressor,{'max_depth': 5, 'loss': 'squared_error', 'n_estimators': 200, 'learning_rate': 1.0, 'min_impurity_decrease': 0.1}
191,1.1152706484448562,0.3480948387083487,1.2438286192826102,0.12117001673539127,0.8556016700440529,0.28011964740321055,0.28912168499616375,0.9335255575972321,GradientBoostingRegressor,{'max_depth': 5, 'loss': 'squared_error', 'n_estimators': 200, 'learning_rate': 1.0, 'min_impurity_decrease': 0.2}
192,1.4041385186779234,1.4332325196081424,1.9716049796350332,2.054155455262304,1.0954885286343612,1.1180532847969784,-0.12682020983284215,-0.1269193664911188,GradientBoostingRegressor,{'max_depth': 5, 'loss': 'absolute_error', 'n_estimators': 10, 'learning_rate': 0.01, 'min_impurity_decrease': 0}
193,1.4041385186779234,1.4332325196081424,1.9716049796350332,2.054155455262304,1.0954885286343612,1.1180532847969784,-0.12682020983284215,-0.1269193664911188,GradientBoostingRegressor,{'max_depth': 5, 'loss': 'absolute_error', 'n_estimators': 10, 'learning_rate': 0.01, 'min_impurity_decrease': 0.1}
194,1.4041385186779234,1.4332325196081424,1.9716049796350332,2.054155455262304,1.0954885286343612,1.1180532847969784,-0.12682020983284215,-0.1269193664911188,GradientBoostingRegressor,{'max_depth': 5, 'loss': 'absolute_error', 'n_estimators': 10, 'learning_rate': 0.01, 'min_impurity_decrease': 0.2}
195,0.9984457789322524,0.9214154510072228,0.9968939734676323,0.8490064333548437,0.7978175427312776,0.7180733244570349,0.4302508423508684,0.5342310682611158,GradientBoostingRegressor,{'max_depth': 5, 'loss': 'absolute_error', 'n_estimators': 10, 'learning_rate': 0.1, 'min_impurity_decrease': 0}
196,1.0050625364135277,0.9247614503531609,1.0101507021019938,0.8551837400592818,0.7960088211453744,0.7231059152030217,0.4226742994349374,0.5308421686818978,GradientBoostingRegressor,{'max_depth': 5, 'loss': 'absolute_error', 'n_estimators': 10, 'learning_rate': 0.1, 'min_impurity_decrease': 0.1}
197,0.9942205748430278,0.916438676148838,0.9884745514412007,0.8398598471414348,0.795660501321586,0.7170576005665722,0.43506274686140145,0.5392489285767825,GradientBoostingRegressor,{'max_depth': 5, 'loss': 'absolute_error', 'n_estimators': 10, 'learning_rate': 0.1, 'min_impurity_decrease': 0.2}
198,0.8783291320550236,0.6668564215709022,0.7714620642165311,0.4446974869903488,0.669558544493392,0.4913101082152975,0.5590906626542065,0.7560368622367172,GradientBoostingRegressor,{'max_depth': 5, 'loss': 'absolute_error', 'n_estimators': 10, 'learning_rate': 0.5, 'min_impurity_decrease': 0}
199,0.8588038499929926,0.6712790623358373,0.7375440527627867,0.45061557953048104,0.6640965057268723,0.49421871728045325,0.5784756313361663,0.7527901687700291,GradientBoostingRegressor,{'max_depth': 5, 'loss': 'absolute_error', 'n_estimators': 10, 'learning_rate': 0.5, 'min_impurity_decrease': 0.1}
200,0.8948316143057444,0.6435310107352126,0.8007236179610245,0.41413216177788426,0.6921651480176211,0.47443424702549575,0.5423669728324712,0.7728051437398458,GradientBoostingRegressor,{'max_depth': 5, 'loss': 'absolute_error', 'n_estimators': 10, 'learning_rate': 0.5, 'min_impurity_decrease': 0.2}
201,0.9973080581720701,0.6279908109691867,0.9946233628949451,0.39437245866173687,0.7582659035242291,0.4517372045325779,0.43154855153115146,0.7836454100208892,GradientBoostingRegressor,{'max_depth': 5, 'loss': 'absolute_error', 'n_estimators': 10, 'learning_rate': 1.0, 'min_impurity_decrease': 0}
202,1.0266525899387704,0.6290218241542208,1.054015540427985,0.39566845526230343,0.7517840198237886,0.4580266283286119,0.3976044772153128,0.7829344201762094,GradientBoostingRegressor,{'max_depth': 5, 'loss': 'absolute_error', 'n_estimators': 10, 'learning_rate': 1.0, 'min_impurity_decrease': 0.1}
203,1.0241411570633123,0.6423142811817202,1.0488651095909802,0.41256763580998995,0.7785148493392071,0.46293863966005666,0.40054807373511736,0.7736634500613473,GradientBoostingRegressor,{'max_depth': 5, 'loss': 'absolute_error', 'n_estimators': 10, 'learning_rate': 1.0, 'min_impurity_decrease': 0.2}
204,1.107267249987529,1.079804558402281,1.226040762894945,1.165977884346345,0.8768838273127754,0.8418622591123702,0.2992878776535467,0.36033903597502925,GradientBoostingRegressor,{'max_depth': 5, 'loss': 'absolute_error', 'n_estimators': 50, 'learning_rate': 0.01, 'min_impurity_decrease': 0}
205,1.1140725901047464,1.0820214051364883,1.2411577360226984,1.1707703211735405,0.8812833665198239,0.8431902069877243,0.290648159754779,0.35770988253904346,GradientBoostingRegressor,{'max_depth': 5, 'loss': 'absolute_error', 'n_estimators': 50, 'learning_rate': 0.01, 'min_impurity_decrease': 0.1}
206,1.1162232764922306,1.0940557746642896,1.245954402983051,1.196958038076279,0.8870405259911895,0.8538969463644948,0.28790674789662707,0.34334317759162536,GradientBoostingRegressor,{'max_depth': 5, 'loss': 'absolute_error', 'n_estimators': 50, 'learning_rate': 0.01, 'min_impurity_decrease': 0.2}
207,0.8275896828496973,0.6250543314045066,0.6849046831592625,0.3906929172075348,0.6494952132158591,0.4671032377714825,0.6085603116422038,0.7856640238088207,GradientBoostingRegressor,{'max_depth': 5, 'loss': 'absolute_error', 'n_estimators': 50, 'learning_rate': 0.1, 'min_impurity_decrease': 0}
208,0.804535609551196,0.6136293250471863,0.6472775470359144,0.37654094855786535,0.6281366519823788,0.46118185174693105,0.6300651353061045,0.7934278605254782,GradientBoostingRegressor,{'max_depth': 5, 'loss': 'absolute_error', 'n_estimators': 50, 'learning_rate': 0.1, 'min_impurity_decrease': 0.1}
209,0.8107069074376954,0.61758022231458,0.6572456897671919,0.381405330994126,0.6335213374449338,0.4618653480642115,0.6243680992364447,0.7907592373891921,GradientBoostingRegressor,{'max_depth': 5, 'loss': 'absolute_error', 'n_estimators': 50, 'learning_rate': 0.1, 'min_impurity_decrease': 0.2}
210,0.8407092301093051,0.4975573812271086,0.7067920095909804,0.24756334761357826,0.6467828246696037,0.36800574107648726,0.5960511721253043,0.8641855804318912,GradientBoostingRegressor,{'max_depth': 5, 'loss': 'absolute_error', 'n_estimators': 50, 'learning_rate': 0.5, 'min_impurity_decrease': 0}
211,0.8524181689177633,0.5125833522792035,0.7266167347011125,0.26274169303378603,0.6572246907488987,0.3774562834749764,0.5847208594413646,0.8558586685803538,GradientBoostingRegressor,{'max_depth': 5, 'loss': 'absolute_error', 'n_estimators': 50, 'learning_rate': 0.5, 'min_impurity_decrease': 0.1}
212,0.8610708443666486,0.5078198578708303,0.7414429990182932,0.2578810080479503,0.651986263876652,0.3728987722379603,0.5762472887000212,0.8585252632779061,GradientBoostingRegressor,{'max_depth': 5, 'loss': 'absolute_error', 'n_estimators': 50, 'learning_rate': 0.5, 'min_impurity_decrease': 0.2}
213,1.0853299576994855,0.4941323379860972,1.1779411170799672,0.24416676744360657,0.8231242594713657,0.35360571633616616,0.3267779953748723,0.866048960325353,GradientBoostingRegressor,{'max_depth': 5, 'loss': 'absolute_error', 'n_estimators': 50, 'learning_rate': 1.0, 'min_impurity_decrease': 0}
214,1.0204779455452648,0.4976643262359806,1.0413752373442844,0.24766978160791256,0.7791643942731278,0.3574430847969783,0.4048287179330262,0.8641271902408464,GradientBoostingRegressor,{'max_depth': 5, 'loss': 'absolute_error', 'n_estimators': 50, 'learning_rate': 1.0, 'min_impurity_decrease': 0.1}
215,1.0239464753984204,0.4974924545413435,1.0484663844808482,0.2474987423255707,0.8023386066079295,0.3542568946175637,0.40077595483549266,0.8642210231974554,GradientBoostingRegressor,{'max_depth': 5, 'loss': 'absolute_error', 'n_estimators': 50, 'learning_rate': 1.0, 'min_impurity_decrease': 0.2}
216,1.020345468785095,0.933871258475083,1.0411048756702754,0.8721155274058352,0.8157503418502203,0.7326177828139754,0.4049832362069119,0.5215533103234617,GradientBoostingRegressor,{'max_depth': 5, 'loss': 'absolute_error', 'n_estimators': 100, 'learning_rate': 0.01, 'min_impurity_decrease': 0}
217,1.028571402409817,0.9303515733174723,1.0579591298552975,0.865554049974296,0.8245486088105727,0.7294766489140699,0.3953506199204292,0.5251529677746315,GradientBoostingRegressor,{'max_depth': 5, 'loss': 'absolute_error', 'n_estimators': 100, 'learning_rate': 0.01, 'min_impurity_decrease': 0.1}
218,1.0067147494119133,0.9338095995432025,1.0134745866834916,0.8720003681990363,0.8033232506607929,0.7320528664778093,0.4207746185352286,0.5216164872071971,GradientBoostingRegressor,{'max_depth': 5, 'loss': 'absolute_error', 'n_estimators': 100, 'learning_rate': 0.01, 'min_impurity_decrease': 0.2}
219,0.7965481086077998,0.5726472264913978,0.6344888893266633,0.32792484600829025,0.6093955079295154,0.42608663701605287,0.6373741643013987,0.8200988835710239,GradientBoostingRegressor,{'max_depth': 5, 'loss': 'absolute_error', 'n_estimators': 100, 'learning_rate': 0.1, 'min_impurity_decrease': 0}
220,0.7720076848957639,0.5622358489814281,0.595995865538117,0.31610914987986727,0.59712600969163,0.416623662700661,0.6593738638307332,0.8265810301688303,GradientBoostingRegressor,{'max_depth': 5, 'loss': 'absolute_error', 'n_estimators': 100, 'learning_rate': 0.1, 'min_impurity_decrease': 0.1}
221,0.7824807587313652,0.5668138883822968,0.612276137784813,0.3212779840630589,0.6039892061674009,0.41890892332389046,0.650069292185477,0.8237453833689263,GradientBoostingRegressor,{'max_depth': 5, 'loss': 'absolute_error', 'n_estimators': 100, 'learning_rate': 0.1, 'min_impurity_decrease': 0.2}
222,0.8474329658547702,0.4797905375153933,0.7181426316174121,0.23019895988931005,0.6603817493392071,0.3509141391879131,0.5895640155063733,0.8737117653969135,GradientBoostingRegressor,{'max_depth': 5, 'loss': 'absolute_error', 'n_estimators': 100, 'learning_rate': 0.5, 'min_impurity_decrease': 0}
223,0.8496126732888386,0.4731516508732267,0.7218416946130068,0.22387248472405982,0.6568022193832599,0.346261260434372,0.5874499110159024,0.8771824994969455,GradientBoostingRegressor,{'max_depth': 5, 'loss': 'absolute_error', 'n_estimators': 100, 'learning_rate': 0.5, 'min_impurity_decrease': 0.1}
224,0.8555059437100008,0.49140998051979556,0.731890419723139,0.24148376895446585,0.6584011537444934,0.3577249695939565,0.5817068201563695,0.8675208659447322,GradientBoostingRegressor,{'max_depth': 5, 'loss': 'absolute_error', 'n_estimators': 100, 'learning_rate': 0.5, 'min_impurity_decrease': 0.2}
225,1.025999129627441,0.4576789157451309,1.0526742139962666,0.20946998991763865,0.7897860488986784,0.3322295486307837,0.3983710779019892,0.8850837760442316,GradientBoostingRegressor,{'max_depth': 5, 'loss': 'absolute_error', 'n_estimators': 100, 'learning_rate': 1.0, 'min_impurity_decrease': 0}
226,1.0382990087722381,0.45822696369548355,1.0780648316174122,0.209971950257582,0.7967143220264318,0.33462466402266283,0.3838597222444575,0.8848083982353887,GradientBoostingRegressor,{'max_depth': 5, 'loss': 'absolute_error', 'n_estimators': 100, 'learning_rate': 1.0, 'min_impurity_decrease': 0.1}
227,1.0354049714799662,0.46162809279278555,1.0720634549654298,0.2131004960555046,0.7997805559471365,0.3313776426817752,0.38728965499879886,0.8830920632620052,GradientBoostingRegressor,{'max_depth': 5, 'loss': 'absolute_error', 'n_estimators': 100, 'learning_rate': 1.0, 'min_impurity_decrease': 0.2}
228,0.904894314361444,0.7802582291628672,0.8188337201636677,0.6088029041763734,0.7218815885462556,0.590238911237016,0.5320166088524338,0.6660078567399444,GradientBoostingRegressor,{'max_depth': 5, 'loss': 'absolute_error', 'n_estimators': 200, 'learning_rate': 0.01, 'min_impurity_decrease': 0}
229,0.8981974005662297,0.7840894253423467,0.806758570383932,0.6147962269336915,0.713282768722467,0.5907750101983003,0.5389178507082358,0.6627198916214567,GradientBoostingRegressor,{'max_depth': 5, 'loss': 'absolute_error', 'n_estimators': 200, 'learning_rate': 0.01, 'min_impurity_decrease': 0.1}
230,0.893766987336551,0.7794292833030046,0.7988194276526546,0.6075100076702354,0.713916095154185,0.5898892011331444,0.5434552639176542,0.6667171458582062,GradientBoostingRegressor,{'max_depth': 5, 'loss': 'absolute_error', 'n_estimators': 200, 'learning_rate': 0.01, 'min_impurity_decrease': 0.2}
231,0.7726727994212232,0.5181798686941678,0.5970232549654299,0.268510376319905,0.600915878414097,0.3829441002832861,0.6587866857793372,0.852693941734765,GradientBoostingRegressor,{'max_depth': 5, 'loss': 'absolute_error', 'n_estimators': 200, 'learning_rate': 0.1, 'min_impurity_decrease': 0}
232,0.7569987138448695,0.521665511669065,0.5730470527627866,0.2721349060649475,0.583835863876652,0.38700284532577905,0.6724896686161823,0.8507055076298156,GradientBoostingRegressor,{'max_depth': 5, 'loss': 'absolute_error', 'n_estimators': 200, 'learning_rate': 0.1, 'min_impurity_decrease': 0.1}
233,0.7626907046192227,0.5239904362335176,0.5816971109125664,0.2745659772641921,0.5854815123348018,0.3905481932011331,0.6675459499503846,0.8493718105093132,GradientBoostingRegressor,{'max_depth': 5, 'loss': 'absolute_error', 'n_estimators': 200, 'learning_rate': 0.1, 'min_impurity_decrease': 0.2}
234,0.8382150925085052,0.44467130354795353,0.702604541309042,0.19773256819903623,0.6553636361233481,0.32808899999999996,0.5984444121185386,0.8915229809318079,GradientBoostingRegressor,{'max_depth': 5, 'loss': 'absolute_error', 'n_estimators': 200, 'learning_rate': 0.5, 'min_impurity_decrease': 0}
235,0.9180137094970099,0.44308726050080793,0.8427491708244605,0.19632632041811082,0.7183950176211454,0.325977100283286,0.5183483469996818,0.8922944550937805,GradientBoostingRegressor,{'max_depth': 5, 'loss': 'absolute_error', 'n_estimators': 200, 'learning_rate': 0.5, 'min_impurity_decrease': 0.1}
236,0.8559058451479236,0.4588845315936873,0.7325748157583813,0.21057501333595782,0.6654173348017621,0.33554694220963166,0.5813156711726704,0.8844775549876217,GradientBoostingRegressor,{'max_depth': 5, 'loss': 'absolute_error', 'n_estimators': 200, 'learning_rate': 0.5, 'min_impurity_decrease': 0.2}
237,1.0493929308163688,0.43991598833419143,1.1012255232473682,0.19352607679204847,0.7927905026431719,0.3145470634560906,0.3706228235391338,0.893830681947994,GradientBoostingRegressor,{'max_depth': 5, 'loss': 'absolute_error', 'n_estimators': 200, 'learning_rate': 1.0, 'min_impurity_decrease': 0}
238,1.1156616287850916,0.44439264100499576,1.2447008699434032,0.19748481937939502,0.8471767070484582,0.31984343437204904,0.28862317252395264,0.8916588971022047,GradientBoostingRegressor,{'max_depth': 5, 'loss': 'absolute_error', 'n_estimators': 200, 'learning_rate': 1.0, 'min_impurity_decrease': 0.1}
239,1.0662777650059325,0.4251354410889049,1.1369482721460464,0.1807401432698577,0.8186297004405285,0.309804238904627,0.3502064035028718,0.9008451053539308,GradientBoostingRegressor,{'max_depth': 5, 'loss': 'absolute_error', 'n_estimators': 200, 'learning_rate': 1.0, 'min_impurity_decrease': 0.2}
240,1.4041385186779234,1.4332325196081424,1.9716049796350332,2.054155455262304,1.0954885286343612,1.1180532847969784,-0.12682020983284215,-0.1269193664911188,GradientBoostingRegressor,{'max_depth': 5, 'loss': 'huber', 'n_estimators': 10, 'learning_rate': 0.01, 'min_impurity_decrease': 0}
241,1.4041385186779234,1.4332325196081424,1.9716049796350332,2.054155455262304,1.0954885286343612,1.1180532847969784,-0.12682020983284215,-0.1269193664911188,GradientBoostingRegressor,{'max_depth': 5, 'loss': 'huber', 'n_estimators': 10, 'learning_rate': 0.01, 'min_impurity_decrease': 0.1}
242,1.4041385186779234,1.4332325196081424,1.9716049796350332,2.054155455262304,1.0954885286343612,1.1180532847969784,-0.12682020983284215,-0.1269193664911188,GradientBoostingRegressor,{'max_depth': 5, 'loss': 'huber', 'n_estimators': 10, 'learning_rate': 0.01, 'min_impurity_decrease': 0.2}
243,0.9655154186691669,0.8579823433686556,0.9322200236878967,0.7361337015323697,0.7729050572687224,0.6789964407932011,0.46721357799734187,0.596153581045457,GradientBoostingRegressor,{'max_depth': 5, 'loss': 'huber', 'n_estimators': 10, 'learning_rate': 0.1, 'min_impurity_decrease': 0}
244,0.975925817704125,0.8601739292699104,0.952431201661465,0.7398991885956369,0.7885024466960353,0.6803302798866856,0.4556623981005652,0.5940878170912263,GradientBoostingRegressor,{'max_depth': 5, 'loss': 'huber', 'n_estimators': 10, 'learning_rate': 0.1, 'min_impurity_decrease': 0.1}
245,0.9581469180869073,0.8634859620896846,0.9180455166394387,0.7456080067259483,0.7659503092511013,0.683032863644948,0.47531465360406777,0.5909559325523308,GradientBoostingRegressor,{'max_depth': 5, 'loss': 'huber', 'n_estimators': 10, 'learning_rate': 0.1, 'min_impurity_decrease': 0.2}
246,0.8234592716983923,0.46616975060224813,0.6780851721460466,0.21731423637656222,0.6437529696035242,0.3662352285174693,0.6124578280870506,0.8807803854573875,GradientBoostingRegressor,{'max_depth': 5, 'loss': 'huber', 'n_estimators': 10, 'learning_rate': 0.5, 'min_impurity_decrease': 0}
247,0.8495707044370565,0.462280828320871,0.7217703818376765,0.21370356423303058,0.66357230969163,0.35919116864966943,0.5874906680018563,0.8827612172168202,GradientBoostingRegressor,{'max_depth': 5, 'loss': 'huber', 'n_estimators': 10, 'learning_rate': 0.5, 'min_impurity_decrease': 0.1}
248,0.8276457125183524,0.4565470991600365,0.6849974254500112,0.20843525375144417,0.6548456066079296,0.35397150028328606,0.6085073071668645,0.8856514371829766,GradientBoostingRegressor,{'max_depth': 5, 'loss': 'huber', 'n_estimators': 10, 'learning_rate': 0.5, 'min_impurity_decrease': 0.2}
249,1.0145173715891604,0.44095820349146536,1.0292454972561786,0.19444413722642057,0.7793055105726873,0.33959895014164304,0.41176115947810044,0.8933270296657615,GradientBoostingRegressor,{'max_depth': 5, 'loss': 'huber', 'n_estimators': 10, 'learning_rate': 1.0, 'min_impurity_decrease': 0}
250,1.043176124099157,0.4303162832264207,1.08821642589054,0.1851721036098011,0.8063062017621144,0.3347737554296506,0.378057839155736,0.8984137110182158,GradientBoostingRegressor,{'max_depth': 5, 'loss': 'huber', 'n_estimators': 10, 'learning_rate': 1.0, 'min_impurity_decrease': 0.1}
251,1.0309299759527089,0.4362035751171957,1.0628166153178527,0.190273558945023,0.7964245810572687,0.33940668234183186,0.39257444880871417,0.8956150285719464,GradientBoostingRegressor,{'max_depth': 5, 'loss': 'huber', 'n_estimators': 10, 'learning_rate': 1.0, 'min_impurity_decrease': 0.2}
252,1.1008324064652257,1.0676564870043517,1.2118319871240202,1.1398903742424735,0.8777324784140969,0.8475327418319168,0.30740853866883044,0.3746507670001923,GradientBoostingRegressor,{'max_depth': 5, 'loss': 'huber', 'n_estimators': 50, 'learning_rate': 0.01, 'min_impurity_decrease': 0}
253,1.1009105910176218,1.0676564870043517,1.2120041294147692,1.1398903742424735,0.8779046207048458,0.8475327418319168,0.3073101551618974,0.3746507670001923,GradientBoostingRegressor,{'max_depth': 5, 'loss': 'huber', 'n_estimators': 50, 'learning_rate': 0.01, 'min_impurity_decrease': 0.1}
254,1.1025763463174882,1.066541776943942,1.2156745994588216,1.1375113619667416,0.880652116740088,0.8482399420207744,0.30521239223882446,0.3759559043498385,GradientBoostingRegressor,{'max_depth': 5, 'loss': 'huber', 'n_estimators': 50, 'learning_rate': 0.01, 'min_impurity_decrease': 0.2}
255,0.7480991918057442,0.4616235009012273,0.5596524007804078,0.21309625658430537,0.5789389392070484,0.3604019837582625,0.680145038080818,0.8830943890558909,GradientBoostingRegressor,{'max_depth': 5, 'loss': 'huber', 'n_estimators': 50, 'learning_rate': 0.1, 'min_impurity_decrease': 0}
256,0.7622754057245179,0.46371360369715797,0.5810637941724783,0.21503030625380487,0.5934030700440529,0.3612184288951841,0.6679079058742781,0.8820333602896739,GradientBoostingRegressor,{'max_depth': 5, 'loss': 'huber', 'n_estimators': 50, 'learning_rate': 0.1, 'min_impurity_decrease': 0.1}
257,0.7710577938684322,0.46244233239008603,0.5945301214852536,0.2138529107863828,0.5974368845814979,0.3619424662889518,0.6602115722146481,0.8826792849935992,GradientBoostingRegressor,{'max_depth': 5, 'loss': 'huber', 'n_estimators': 50, 'learning_rate': 0.1, 'min_impurity_decrease': 0.2}
258,0.8399571207252544,0.33389995380767296,0.7055279646570597,0.11148917915276614,0.6574187682819383,0.27003235259678937,0.5967736045559338,0.9388365107326277,GradientBoostingRegressor,{'max_depth': 5, 'loss': 'huber', 'n_estimators': 50, 'learning_rate': 0.5, 'min_impurity_decrease': 0}
259,0.8381315278935224,0.36153944027869817,0.7024644580491303,0.13071076687703434,0.652360726431718,0.2881161860245514,0.5985244731094359,0.9282914570923619,GradientBoostingRegressor,{'max_depth': 5, 'loss': 'huber', 'n_estimators': 50, 'learning_rate': 0.5, 'min_impurity_decrease': 0.1}
260,0.8685303846004699,0.3996946898121154,0.7543450289742403,0.15975584506400317,0.6825407713656388,0.3151835924457035,0.5688734647076912,0.9123571902741944,GradientBoostingRegressor,{'max_depth': 5, 'loss': 'huber', 'n_estimators': 50, 'learning_rate': 0.5, 'min_impurity_decrease': 0.2}
261,1.0580841038520805,0.33355515535600666,1.1195419708244605,0.11125904166456972,0.8111025726872246,0.26688778923512735,0.3601545281577577,0.9389627652435704,GradientBoostingRegressor,{'max_depth': 5, 'loss': 'huber', 'n_estimators': 50, 'learning_rate': 1.0, 'min_impurity_decrease': 0}
262,1.0640038046807545,0.35785524386890755,1.1321040963751212,0.1280603755644753,0.8333752189427313,0.2851617002832861,0.3529749678020305,0.9297454742609511,GradientBoostingRegressor,{'max_depth': 5, 'loss': 'huber', 'n_estimators': 50, 'learning_rate': 1.0, 'min_impurity_decrease': 0.1}
263,1.0468388096031886,0.3900598330930975,1.0958714932914209,0.15214667339261506,0.8102612731277534,0.3027658789423984,0.37368278190844595,0.9165316177244031,GradientBoostingRegressor,{'max_depth': 5, 'loss': 'huber', 'n_estimators': 50, 'learning_rate': 1.0, 'min_impurity_decrease': 0.2}
264,0.9686801383697499,0.8706170341400544,0.9383412104720378,0.7579740201348247,0.7702315281938324,0.6917803448536355,0.463715170837806,0.5841718793001527,GradientBoostingRegressor,{'max_depth': 5, 'loss': 'huber', 'n_estimators': 100, 'learning_rate': 0.01, 'min_impurity_decrease': 0}
265,0.9661531690963173,0.8718841529303349,0.933451946154857,0.7601819761310477,0.7702315281938324,0.6927254829084042,0.4665095043380356,0.5829605842318415,GradientBoostingRegressor,{'max_depth': 5, 'loss': 'huber', 'n_estimators': 100, 'learning_rate': 0.01, 'min_impurity_decrease': 0.1}
266,0.9730982566421374,0.8665433204824158,0.9469202170799672,0.7508973262726907,0.7758116471365638,0.6881012088762984,0.4588120598566733,0.5880541869139887,GradientBoostingRegressor,{'max_depth': 5, 'loss': 'huber', 'n_estimators': 100, 'learning_rate': 0.01, 'min_impurity_decrease': 0.2}
267,0.767889199277025,0.4000198858640231,0.5896538223663107,0.16001590908666605,0.5915741678414097,0.3111213357884797,0.6629984957886756,0.9122145179253633,GradientBoostingRegressor,{'max_depth': 5, 'loss': 'huber', 'n_estimators': 100, 'learning_rate': 0.1, 'min_impurity_decrease': 0}
268,0.7574741823347881,0.4014984317193136,0.5737671369037558,0.16120099067306834,0.5840132647577092,0.3128624132200189,0.6720781230118622,0.9115643765803314,GradientBoostingRegressor,{'max_depth': 5, 'loss': 'huber', 'n_estimators': 100, 'learning_rate': 0.1, 'min_impurity_decrease': 0.1}
269,0.7539887283922236,0.41031788400305835,0.5684990025425224,0.16836076593274726,0.5785572101321587,0.3214292135977337,0.6750889899591812,0.9076364901201386,GradientBoostingRegressor,{'max_depth': 5, 'loss': 'huber', 'n_estimators': 100, 'learning_rate': 0.1, 'min_impurity_decrease': 0.2}
270,0.8232740848843001,0.32814250014166874,0.6777802188420817,0.10767750039922508,0.640715048017621,0.2652905038715768,0.6126321163189796,0.9409276156659006,GradientBoostingRegressor,{'max_depth': 5, 'loss': 'huber', 'n_estimators': 100, 'learning_rate': 0.5, 'min_impurity_decrease': 0}
271,0.8363103830083328,0.36153944027869817,0.6994150567275443,0.13071076687703434,0.6527541255506608,0.2881161860245514,0.6002672801486483,0.9282914570923619,GradientBoostingRegressor,{'max_depth': 5, 'loss': 'huber', 'n_estimators': 100, 'learning_rate': 0.5, 'min_impurity_decrease': 0.1}
272,0.8464063480780089,0.3888030742187906,0.7164037060667514,0.1511678305219824,0.6685638061674009,0.3071640942398489,0.5905578537620678,0.9170686155377097,GradientBoostingRegressor,{'max_depth': 5, 'loss': 'huber', 'n_estimators': 100, 'learning_rate': 0.5, 'min_impurity_decrease': 0.2}
273,1.053487588868208,0.3293335057365647,1.1098360998993504,0.10846055800073591,0.8083569607929515,0.2661867371104815,0.36570166950980865,0.9404980265742083,GradientBoostingRegressor,{'max_depth': 5, 'loss': 'huber', 'n_estimators': 100, 'learning_rate': 1.0, 'min_impurity_decrease': 0}
274,1.0605696430413045,0.3598643377304023,1.12480796774076,0.129502341570141,0.8209872792951541,0.28660366628895173,0.3571448828122168,0.9289544049125025,GradientBoostingRegressor,{'max_depth': 5, 'loss': 'huber', 'n_estimators': 100, 'learning_rate': 1.0, 'min_impurity_decrease': 0.1}
275,1.0507322625505264,0.39266924515841073,1.1040382875645485,0.15418913609327609,0.8126951224669604,0.3048083416430594,0.3690152603046961,0.9154111130582083,GradientBoostingRegressor,{'max_depth': 5, 'loss': 'huber', 'n_estimators': 100, 'learning_rate': 1.0, 'min_impurity_decrease': 0.2}
276,0.8107984960647968,0.6269759035922705,0.6573942012209364,0.39309878368534407,0.6338797819383261,0.49167911142587345,0.6242832213277361,0.7843441541173183,GradientBoostingRegressor,{'max_depth': 5, 'loss': 'huber', 'n_estimators': 200, 'learning_rate': 0.01, 'min_impurity_decrease': 0}
277,0.8110404124087427,0.6295103525507982,0.6577865505601435,0.3962832839686302,0.6342133541850222,0.493269547308782,0.6240589841355502,0.7825971222494827,GradientBoostingRegressor,{'max_depth': 5, 'loss': 'huber', 'n_estimators': 200, 'learning_rate': 0.01, 'min_impurity_decrease': 0.1}
278,0.81099169286161,0.6240767179440899,0.6577075258905399,0.3894717498798672,0.6331219497797358,0.48934986968838523,0.6241041486566912,0.7863339619616267,GradientBoostingRegressor,{'max_depth': 5, 'loss': 'huber', 'n_estimators': 200, 'learning_rate': 0.01, 'min_impurity_decrease': 0.2}
279,0.7627714216916958,0.3501800525983055,0.5818202417495707,0.12262606923775199,0.5868970356828194,0.27756259565627944,0.6674755776815868,0.9327267603302899,GradientBoostingRegressor,{'max_depth': 5, 'loss': 'huber', 'n_estimators': 200, 'learning_rate': 0.1, 'min_impurity_decrease': 0}
280,0.764918950176997,0.3950301133891072,0.5851010003398792,0.15604879048421091,0.5978887960352424,0.3096761410764872,0.6656005443349848,0.9143908978925275,GradientBoostingRegressor,{'max_depth': 5, 'loss': 'huber', 'n_estimators': 200, 'learning_rate': 0.1, 'min_impurity_decrease': 0.1}
281,0.7674815481636006,0.41031788400305835,0.5890279267715972,0.16836076593274726,0.5945403801762115,0.3214292135977337,0.6633562103474506,0.9076364901201386,GradientBoostingRegressor,{'max_depth': 5, 'loss': 'huber', 'n_estimators': 200, 'learning_rate': 0.1, 'min_impurity_decrease': 0.2}
282,0.8419628212755974,0.32834767341809196,0.7089013924103637,0.10781219463907397,0.6534472484581498,0.2645872426817752,0.5948456085282825,0.9408537217709416,GradientBoostingRegressor,{'max_depth': 5, 'loss': 'huber', 'n_estimators': 200, 'learning_rate': 0.5, 'min_impurity_decrease': 0}
283,0.8473707006408924,0.36153944027869817,0.7180371043046369,0.13071076687703434,0.6632168127753303,0.2881161860245514,0.5896243269328267,0.9282914570923619,GradientBoostingRegressor,{'max_depth': 5, 'loss': 'huber', 'n_estimators': 200, 'learning_rate': 0.5, 'min_impurity_decrease': 0.1}
284,0.8607965140878943,0.3888030742187906,0.7409706386658704,0.1511678305219824,0.6781092317180617,0.3071640942398489,0.5765172541327177,0.9170686155377097,GradientBoostingRegressor,{'max_depth': 5, 'loss': 'huber', 'n_estimators': 200, 'learning_rate': 0.5, 'min_impurity_decrease': 0.2}
285,1.0526984435797413,0.32419325005800503,1.1081740131152096,0.10510126338317219,0.8087421066079297,0.26405089405099147,0.36665159254115165,0.942340951437847,GradientBoostingRegressor,{'max_depth': 5, 'loss': 'huber', 'n_estimators': 200, 'learning_rate': 1.0, 'min_impurity_decrease': 0}
286,1.0614609435589764,0.35785524386890755,1.1266993347011125,0.1280603755644753,0.8210467982378854,0.2851617002832861,0.35606392058238434,0.9297454742609511,GradientBoostingRegressor,{'max_depth': 5, 'loss': 'huber', 'n_estimators': 200, 'learning_rate': 1.0, 'min_impurity_decrease': 0.1}
287,1.0504343766437927,0.3900598330930975,1.1034123796350332,0.15214667339261506,0.8063599577092512,0.3027658789423984,0.3693729819131103,0.9165316177244031,GradientBoostingRegressor,{'max_depth': 5, 'loss': 'huber', 'n_estimators': 200, 'learning_rate': 1.0, 'min_impurity_decrease': 0.2}
288,1.098003504718961,1.0256188909455506,1.2056116963751213,1.051894109464381,0.8615505070484581,0.8012207212464589,0.3109635861551645,0.4229259326909264,GradientBoostingRegressor,{'max_depth': 7, 'loss': 'squared_error', 'n_estimators': 10, 'learning_rate': 0.01, 'min_impurity_decrease': 0}
289,1.0982979438511358,1.024366062753927,1.2062583734676324,1.0493258305219824,0.8611859387665197,0.7983418560906516,0.31059399446483915,0.42433490262615003,GradientBoostingRegressor,{'max_depth': 7, 'loss': 'squared_error', 'n_estimators': 10, 'learning_rate': 0.01, 'min_impurity_decrease': 0.1}
290,1.1010084585917312,1.0256188909455506,1.2122196258905398,1.051894109464381,0.8637531502202643,0.8012207212464589,0.3071869936835312,0.4229259326909264,GradientBoostingRegressor,{'max_depth': 7, 'loss': 'squared_error', 'n_estimators': 10, 'learning_rate': 0.01, 'min_impurity_decrease': 0.2}
291,0.9101105136388187,0.7374857507772025,0.8283011470359144,0.543885232599414,0.7171314942731278,0.6053852483474976,0.526605744077312,0.7016219974030443,GradientBoostingRegressor,{'max_depth': 7, 'loss': 'squared_error', 'n_estimators': 10, 'learning_rate': 0.1, 'min_impurity_decrease': 0}
292,0.8924856759845933,0.729695063998501,0.7965306818376765,0.5324548864237766,0.7162334925110133,0.5975173507082152,0.5447633378300891,0.7078927392001293,GradientBoostingRegressor,{'max_depth': 7, 'loss': 'squared_error', 'n_estimators': 10, 'learning_rate': 0.1, 'min_impurity_decrease': 0.1}
293,0.8915625951848982,0.7260208998692849,0.7948838611328306,0.5271063470470061,0.7146014030837005,0.5943951363550518,0.5457045359257315,0.7108269731164,GradientBoostingRegressor,{'max_depth': 7, 'loss': 'squared_error', 'n_estimators': 10, 'learning_rate': 0.1, 'min_impurity_decrease': 0.2}
294,0.8710260504233445,0.36781199512915164,0.7586863805160906,0.13528566376088705,0.6538389405286343,0.29423529442870633,0.5663922766878418,0.9257816470948244,GradientBoostingRegressor,{'max_depth': 7, 'loss': 'squared_error', 'n_estimators': 10, 'learning_rate': 0.5, 'min_impurity_decrease': 0}
295,0.8564994600170409,0.37901437197938875,0.7335913250094827,0.14365189416693047,0.6525508427312776,0.3023545601510859,0.5807347114066653,0.9211918936538448,GradientBoostingRegressor,{'max_depth': 7, 'loss': 'squared_error', 'n_estimators': 10, 'learning_rate': 0.5, 'min_impurity_decrease': 0.1}
296,0.866787135983454,0.36621490143729857,0.7513199391063988,0.1341133540347303,0.6721045920704847,0.29251280396600565,0.5706023771596547,0.9264247817371163,GradientBoostingRegressor,{'max_depth': 7, 'loss': 'squared_error', 'n_estimators': 10, 'learning_rate': 0.5, 'min_impurity_decrease': 0.2}
297,1.1876780379908447,0.3554884505212423,1.4105791219257822,0.12637203845399372,0.869509373568282,0.285321669121813,0.1938197161337738,0.9306717039589485,GradientBoostingRegressor,{'max_depth': 7, 'loss': 'squared_error', 'n_estimators': 10, 'learning_rate': 1.0, 'min_impurity_decrease': 0}
298,1.1287226876545997,0.35554065749767694,1.2740149056262229,0.12640915913388043,0.8435132977973568,0.28469414957507083,0.27186948799771626,0.9306513393789677,GradientBoostingRegressor,{'max_depth': 7, 'loss': 'squared_error', 'n_estimators': 10, 'learning_rate': 1.0, 'min_impurity_decrease': 0.1}
299,1.137779878677004,0.34915508717971494,1.2945430523222576,0.12190927490347435,0.8408056026431717,0.28073520169971666,0.26013715276503324,0.9331199970811985,GradientBoostingRegressor,{'max_depth': 7, 'loss': 'squared_error', 'n_estimators': 10, 'learning_rate': 1.0, 'min_impurity_decrease': 0.2}
300,1.0245875277895948,0.9269294501701864,1.0497796021019936,0.859198205592804,0.8123728140969163,0.7450731711048159,0.40002541901787203,0.5286398139651465,GradientBoostingRegressor,{'max_depth': 7, 'loss': 'squared_error', 'n_estimators': 50, 'learning_rate': 0.01, 'min_impurity_decrease': 0}
301,1.01893065561726,0.9297337708850099,1.038219680956619,0.86440488472406,0.8092360198237886,0.7475653830028329,0.40663219517497684,0.5257834052483251,GradientBoostingRegressor,{'max_depth': 7, 'loss': 'squared_error', 'n_estimators': 50, 'learning_rate': 0.01, 'min_impurity_decrease': 0.1}
302,1.030464884988569,0.9296696637944968,1.0618578791945046,0.8642856837797728,0.8180005577092512,0.7471879748819641,0.39312238982673964,0.5258487994483001,GradientBoostingRegressor,{'max_depth': 7, 'loss': 'squared_error', 'n_estimators': 50, 'learning_rate': 0.01, 'min_impurity_decrease': 0.2}
303,0.7941231860996835,0.35043633441546157,0.6306316347011125,0.1228056244785452,0.5964402361233481,0.28175525514636446,0.6395786791567762,0.9326282554787284,GradientBoostingRegressor,{'max_depth': 7, 'loss': 'squared_error', 'n_estimators': 50, 'learning_rate': 0.1, 'min_impurity_decrease': 0}
304,0.7892497231231768,0.3542329420934649,0.6229151254500113,0.12548097726419205,0.6007620207048459,0.2844306079320113,0.643988851916186,0.9311605443283294,GradientBoostingRegressor,{'max_depth': 7, 'loss': 'squared_error', 'n_estimators': 50, 'learning_rate': 0.1, 'min_impurity_decrease': 0.1}
305,0.7649362599835862,0.36013283526978174,0.5851274818376765,0.12969565903945174,0.5920131502202644,0.28864528970727105,0.6655854095147683,0.9288483500374981,GradientBoostingRegressor,{'max_depth': 7, 'loss': 'squared_error', 'n_estimators': 50, 'learning_rate': 0.1, 'min_impurity_decrease': 0.2}
306,0.8718798789095709,0.32419325005800503,0.760174523247368,0.10510126338317219,0.6554319700440528,0.26405089405099147,0.5655417669143121,0.942340951437847,GradientBoostingRegressor,{'max_depth': 7, 'loss': 'squared_error', 'n_estimators': 50, 'learning_rate': 0.5, 'min_impurity_decrease': 0}
307,0.857693684415955,0.33990424180989304,0.7356384562870157,0.11553489360035822,0.6403261286343612,0.27448452426817743,0.5795647260802272,0.9366170127143036,GradientBoostingRegressor,{'max_depth': 7, 'loss': 'squared_error', 'n_estimators': 50, 'learning_rate': 0.5, 'min_impurity_decrease': 0.1}
308,0.8744493277323718,0.35799280372536757,0.7646616267715971,0.12815884751914955,0.6673532977973569,0.2871084781869688,0.5629772780907703,0.9296914520823987,GradientBoostingRegressor,{'max_depth': 7, 'loss': 'squared_error', 'n_estimators': 50, 'learning_rate': 0.5, 'min_impurity_decrease': 0.2}
309,1.156708378939204,0.32419325005800503,1.3379742739081613,0.10510126338317219,0.8554754321585903,0.26405089405099147,0.23531515306112516,0.942340951437847,GradientBoostingRegressor,{'max_depth': 7, 'loss': 'squared_error', 'n_estimators': 50, 'learning_rate': 1.0, 'min_impurity_decrease': 0}
310,1.128895001764771,0.3386413604861305,1.2744039250094825,0.11467797103189742,0.8544424814977973,0.27362760169971667,0.2716471539563633,0.93708712447508,GradientBoostingRegressor,{'max_depth': 7, 'loss': 'squared_error', 'n_estimators': 50, 'learning_rate': 1.0, 'min_impurity_decrease': 0.1}
311,1.1587608115575678,0.34805087832460657,1.3427266184015532,0.1211394139025301,0.8498016788546255,0.2799653406987724,0.23259907257109047,0.9335423464556082,GradientBoostingRegressor,{'max_depth': 7, 'loss': 'squared_error', 'n_estimators': 50, 'learning_rate': 1.0, 'min_impurity_decrease': 0.2}
312,0.8965970317507661,0.7484966357397157,0.8038862373442843,0.5602472137136727,0.7147087607929515,0.6101273673276677,0.5405594589167142,0.6926457374298353,GradientBoostingRegressor,{'max_depth': 7, 'loss': 'squared_error', 'n_estimators': 100, 'learning_rate': 0.01, 'min_impurity_decrease': 0}
313,0.8989695865381074,0.7479326784697449,0.8081463175204958,0.5594032915229268,0.7171844022026432,0.6113300542020773,0.5381247194594462,0.6931087171221106,GradientBoostingRegressor,{'max_depth': 7, 'loss': 'squared_error', 'n_estimators': 100, 'learning_rate': 0.01, 'min_impurity_decrease': 0.1}
314,0.9107575040464303,0.7504375950490879,0.8294792311768835,0.5631565840630589,0.7236499511013216,0.612493982625118,0.5259324403310548,0.6910496431407593,GradientBoostingRegressor,{'max_depth': 7, 'loss': 'squared_error', 'n_estimators': 100, 'learning_rate': 0.01, 'min_impurity_decrease': 0.2}
315,0.7800860637517523,0.32896155913259734,0.6085342668597029,0.10821570738694934,0.588456340969163,0.26716533805476866,0.6522078624490704,0.9406323527752105,GradientBoostingRegressor,{'max_depth': 7, 'loss': 'squared_error', 'n_estimators': 100, 'learning_rate': 0.1, 'min_impurity_decrease': 0}
316,0.7875211392929534,0.3519739269503646,0.6201895448332713,0.12388564525286061,0.607083529955947,0.2828352759206798,0.6455465875448715,0.9320357509904869,GradientBoostingRegressor,{'max_depth': 7, 'loss': 'squared_error', 'n_estimators': 100, 'learning_rate': 0.1, 'min_impurity_decrease': 0.1}
317,0.7549640726555615,0.36013283526978174,0.5699707510006721,0.12969565903945174,0.5814273466960352,0.28864528970727105,0.6742478499115737,0.9288483500374981,GradientBoostingRegressor,{'max_depth': 7, 'loss': 'squared_error', 'n_estimators': 100, 'learning_rate': 0.1, 'min_impurity_decrease': 0.2}
318,0.8517831466836148,0.32419325005800503,0.7255345289742403,0.10510126338317219,0.6400989303964757,0.26405089405099147,0.5853393663414954,0.942340951437847,GradientBoostingRegressor,{'max_depth': 7, 'loss': 'squared_error', 'n_estimators': 100, 'learning_rate': 0.5, 'min_impurity_decrease': 0}
319,0.855053721622041,0.33990424180989304,0.7311168668597028,0.11553489360035822,0.645546877092511,0.27448452426817743,0.5821489244363329,0.9366170127143036,GradientBoostingRegressor,{'max_depth': 7, 'loss': 'squared_error', 'n_estimators': 100, 'learning_rate': 0.5, 'min_impurity_decrease': 0.1}
320,0.8741166584034818,0.35799280372536757,0.7640799324984693,0.12815884751914955,0.6761324603524229,0.2871084781869688,0.5633097305189569,0.9296914520823987,GradientBoostingRegressor,{'max_depth': 7, 'loss': 'squared_error', 'n_estimators': 100, 'learning_rate': 0.5, 'min_impurity_decrease': 0.2}
321,1.2029535531352291,0.32419325005800503,1.4470972510006723,0.10510126338317219,0.8953118449339208,0.26405089405099147,0.17294871697729586,0.942340951437847,GradientBoostingRegressor,{'max_depth': 7, 'loss': 'squared_error', 'n_estimators': 100, 'learning_rate': 1.0, 'min_impurity_decrease': 0}
322,1.1192667568667907,0.3386413604861305,1.2527580730271037,0.11467797103189742,0.845262596475771,0.27362760169971667,0.2840182849510262,0.93708712447508,GradientBoostingRegressor,{'max_depth': 7, 'loss': 'squared_error', 'n_estimators': 100, 'learning_rate': 1.0, 'min_impurity_decrease': 0.1}
323,1.1842318720468543,0.34805087832460657,1.402405126771597,0.1211394139025301,0.8662856330396476,0.2799653406987724,0.19849135321622657,0.9335423464556082,GradientBoostingRegressor,{'max_depth': 7, 'loss': 'squared_error', 'n_estimators': 100, 'learning_rate': 1.0, 'min_impurity_decrease': 0.2}
324,0.7708966479039656,0.5004979789506563,0.5942816417495708,0.2504982269336916,0.5980613568281938,0.40387547592067985,0.6603535844284503,0.8625754918012195,GradientBoostingRegressor,{'max_depth': 7, 'loss': 'squared_error', 'n_estimators': 200, 'learning_rate': 0.01, 'min_impurity_decrease': 0}
325,0.7730420573075639,0.5083277185306831,0.5975940223663109,0.25839706942660945,0.5973909123348018,0.41137340585457977,0.6584604783244616,0.8582421495727486,GradientBoostingRegressor,{'max_depth': 7, 'loss': 'squared_error', 'n_estimators': 200, 'learning_rate': 0.01, 'min_impurity_decrease': 0.1}
