,model,hyperparams,mse,train_mse,rmse,train_rmse,mae,train_mae,r2,train_r2
34,GradientBoostingRegressor,"{'max_depth': 7, 'loss': 'squared_error', 'n_estimators': 100, 'learning_rate': 1.0, 'min_impurity_decrease': 0.1}",1.131594396183174,0.10347744024534475,1.0637642578048832,0.32167909513262555,0.7956155086427688,0.2677766880719054,-0.2824647006653036,0.8896188555634621
46,GradientBoostingRegressor,"{'max_depth': 7, 'loss': 'squared_error', 'n_estimators': 200, 'learning_rate': 1.0, 'min_impurity_decrease': 0.1}",1.1085899978887557,0.10347744024534475,1.0528960052582381,0.32167909513262555,0.7855317945213007,0.2677766880719054,-0.2563932311775199,0.8896188555634621
22,GradientBoostingRegressor,"{'max_depth': 7, 'loss': 'squared_error', 'n_estimators': 50, 'learning_rate': 1.0, 'min_impurity_decrease': 0.1}",1.101299676881205,0.10347744024534475,1.049428261903216,0.32167909513262555,0.7901095835079395,0.2677766880719054,-0.24813092501884837,0.8896188555634621
10,GradientBoostingRegressor,"{'max_depth': 7, 'loss': 'squared_error', 'n_estimators': 10, 'learning_rate': 1.0, 'min_impurity_decrease': 0.1}",1.0841821021987625,0.12590433185637512,1.0412406552756008,0.35483000416590355,0.7891870945819764,0.28937453679692654,-0.22873114240656256,0.865695709065923
23,GradientBoostingRegressor,"{'max_depth': 7, 'loss': 'squared_error', 'n_estimators': 50, 'learning_rate': 1.0, 'min_impurity_decrease': 0.2}",1.0785976146565663,0.1143688781284816,1.0385555424032777,0.3381846805053144,0.7642367189658688,0.27864150989929365,-0.22240210068602329,0.8780007736390381
107,GradientBoostingRegressor,"{'max_depth': 7, 'loss': 'huber', 'n_estimators': 10, 'learning_rate': 1.0, 'min_impurity_decrease': 0.2}",1.0769384954393397,0.14574234229321242,1.0377564721259702,0.3817621540870866,0.7785994105909805,0.30043978828886886,-0.22052177869303224,0.8445341661231307
130,GradientBoostingRegressor,"{'max_depth': 7, 'loss': 'huber', 'n_estimators': 100, 'learning_rate': 1.0, 'min_impurity_decrease': 0.1}",1.0700992627859907,0.11563249122198327,1.0344560226447477,0.34004777785185314,0.7842162798206621,0.2767875875248007,-0.2127707024353711,0.8766528560730932
11,GradientBoostingRegressor,"{'max_depth': 7, 'loss': 'squared_error', 'n_estimators': 10, 'learning_rate': 1.0, 'min_impurity_decrease': 0.2}",1.0697866633355106,0.12260909044043788,1.0343049179693147,0.35015580880579134,0.7606236746112307,0.28673418893698455,-0.21241642553011242,0.8692107990973678
119,GradientBoostingRegressor,"{'max_depth': 7, 'loss': 'huber', 'n_estimators': 50, 'learning_rate': 1.0, 'min_impurity_decrease': 0.2}",1.0416934301716532,0.12669942725368688,1.0206338374616302,0.3559486300769914,0.769592750194189,0.286720833854653,-0.18057765009809335,0.8648475672904461
131,GradientBoostingRegressor,"{'max_depth': 7, 'loss': 'huber', 'n_estimators': 100, 'learning_rate': 1.0, 'min_impurity_decrease': 0.2}",1.0391666834309374,0.14131318762411404,1.0193952537808568,0.37591646362471814,0.7635070919992698,0.29757136430999165,-0.17771402377277856,0.8492588206961695
143,GradientBoostingRegressor,"{'max_depth': 7, 'loss': 'huber', 'n_estimators': 200, 'learning_rate': 1.0, 'min_impurity_decrease': 0.2}",1.0374293301938677,0.12669942725368688,1.018542748338953,0.3559486300769914,0.7630994888465696,0.286720833854653,-0.17574503717595213,0.8648475672904461
106,GradientBoostingRegressor,"{'max_depth': 7, 'loss': 'huber', 'n_estimators': 10, 'learning_rate': 1.0, 'min_impurity_decrease': 0.1}",1.03733923673643,0.13247584528285822,1.0184985207335502,0.3639723138960685,0.7685403327166351,0.2900829267482377,-0.17564293196995728,0.8586857639902097
35,GradientBoostingRegressor,"{'max_depth': 7, 'loss': 'squared_error', 'n_estimators': 100, 'learning_rate': 1.0, 'min_impurity_decrease': 0.2}",1.0352449012240206,0.1143688781284816,1.017469852734724,0.3381846805053144,0.750953566895881,0.27864150989929365,-0.17326936828399853,0.8780007736390381
142,GradientBoostingRegressor,"{'max_depth': 7, 'loss': 'huber', 'n_estimators': 200, 'learning_rate': 1.0, 'min_impurity_decrease': 0.1}",1.033431585092703,0.11563249122198327,1.016578371348074,0.34004777785185314,0.7764633212609101,0.2767875875248007,-0.17121429100771857,0.8766528560730932
93,GradientBoostingRegressor,"{'max_depth': 7, 'loss': 'absolute_error', 'n_estimators': 200, 'learning_rate': 1.0, 'min_impurity_decrease': 0}",1.027016848097989,0.13632067120459915,1.0134183973552036,0.3692162932545084,0.750255136509447,0.2865729011247843,-0.16394430647304725,0.8545844228244948
117,GradientBoostingRegressor,"{'max_depth': 7, 'loss': 'huber', 'n_estimators': 50, 'learning_rate': 1.0, 'min_impurity_decrease': 0}",1.022185958316596,0.09702632883917334,1.0110321252643735,0.3114904955840119,0.7462856488134877,0.25926407121949785,-0.1584693362555043,0.8965003657574953
94,GradientBoostingRegressor,"{'max_depth': 7, 'loss': 'absolute_error', 'n_estimators': 200, 'learning_rate': 1.0, 'min_impurity_decrease': 0.1}",1.0213670544295268,0.12474283304700512,1.0106270600125087,0.35318951435030616,0.7503134477230433,0.27968136236761787,-0.157541251659163,0.866934699589229
105,GradientBoostingRegressor,"{'max_depth': 7, 'loss': 'huber', 'n_estimators': 10, 'learning_rate': 1.0, 'min_impurity_decrease': 0}",1.0212222150604897,0.1178377692301548,1.0105553993030219,0.3432750635134379,0.7553667558072809,0.27739372518035676,-0.15737710151960482,0.8743004485360923
118,GradientBoostingRegressor,"{'max_depth': 7, 'loss': 'huber', 'n_estimators': 50, 'learning_rate': 1.0, 'min_impurity_decrease': 0.1}",1.0210714676322037,0.11563249122198327,1.0104808101256568,0.34004777785185314,0.7704174004854661,0.2767875875248007,-0.15720625562628365,0.8766528560730932
95,GradientBoostingRegressor,"{'max_depth': 7, 'loss': 'absolute_error', 'n_estimators': 200, 'learning_rate': 1.0, 'min_impurity_decrease': 0.2}",1.0163262277863512,0.13044617940498096,1.0081300649154112,0.36117333706266436,0.7595142406576153,0.28299102497297507,-0.15182835465839029,0.8608508430827413
47,GradientBoostingRegressor,"{'max_depth': 7, 'loss': 'squared_error', 'n_estimators': 200, 'learning_rate': 1.0, 'min_impurity_decrease': 0.2}",1.0127221746746649,0.1143688781284816,1.0063409833027097,0.3381846805053144,0.7432850404282303,0.27864150989929365,-0.14774378963168933,0.8780007736390381
33,GradientBoostingRegressor,"{'max_depth': 7, 'loss': 'squared_error', 'n_estimators': 100, 'learning_rate': 1.0, 'min_impurity_decrease': 0}",1.0045436162271895,0.0928686574172365,1.002269233403475,0.304743592905965,0.7450813700869959,0.2572634061078349,-0.13847482139837797,0.9009354245360692
129,GradientBoostingRegressor,"{'max_depth': 7, 'loss': 'huber', 'n_estimators': 100, 'learning_rate': 1.0, 'min_impurity_decrease': 0}",1.0030836282367228,0.09637659183888458,1.0015406273520424,0.3104457953313019,0.7451617123574745,0.2582666673898816,-0.13682017988770556,0.8971934512600415
50,GradientBoostingRegressor,"{'max_depth': 7, 'loss': 'absolute_error', 'n_estimators': 10, 'learning_rate': 0.01, 'min_impurity_decrease': 0.2}",1.00190853192307,1.0398634483999227,1.0009538110837433,1.0197369505906524,0.7657292672423931,0.7627494212744308,-0.1354884133579095,-0.10924001618093837
48,GradientBoostingRegressor,"{'max_depth': 7, 'loss': 'absolute_error', 'n_estimators': 10, 'learning_rate': 0.01, 'min_impurity_decrease': 0}",1.00190853192307,1.0398634483999227,1.0009538110837433,1.0197369505906524,0.7657292672423931,0.7627494212744308,-0.1354884133579095,-0.10924001618093837
49,GradientBoostingRegressor,"{'max_depth': 7, 'loss': 'absolute_error', 'n_estimators': 10, 'learning_rate': 0.01, 'min_impurity_decrease': 0.1}",1.00190853192307,1.0398634483999227,1.0009538110837433,1.0197369505906524,0.7657292672423931,0.7627494212744308,-0.1354884133579095,-0.10924001618093837
96,GradientBoostingRegressor,"{'max_depth': 7, 'loss': 'huber', 'n_estimators': 10, 'learning_rate': 0.01, 'min_impurity_decrease': 0}",1.00190853192307,1.0398634483999227,1.0009538110837433,1.0197369505906524,0.7657292672423931,0.7627494212744308,-0.1354884133579095,-0.10924001618093837
97,GradientBoostingRegressor,"{'max_depth': 7, 'loss': 'huber', 'n_estimators': 10, 'learning_rate': 0.01, 'min_impurity_decrease': 0.1}",1.00190853192307,1.0398634483999227,1.0009538110837433,1.0197369505906524,0.7657292672423931,0.7627494212744308,-0.1354884133579095,-0.10924001618093837
98,GradientBoostingRegressor,"{'max_depth': 7, 'loss': 'huber', 'n_estimators': 10, 'learning_rate': 0.01, 'min_impurity_decrease': 0.2}",1.00190853192307,1.0398634483999227,1.0009538110837433,1.0197369505906524,0.7657292672423931,0.7627494212744308,-0.1354884133579095,-0.10924001618093837
81,GradientBoostingRegressor,"{'max_depth': 7, 'loss': 'absolute_error', 'n_estimators': 100, 'learning_rate': 1.0, 'min_impurity_decrease': 0}",0.9963914815314943,0.13322161531934562,0.9981941101466659,0.36499536342170924,0.7256380651063442,0.28539694185437786,-0.12923579987479838,0.8578902384155648
141,GradientBoostingRegressor,"{'max_depth': 7, 'loss': 'huber', 'n_estimators': 200, 'learning_rate': 1.0, 'min_impurity_decrease': 0}",0.9908763868988486,0.0968319731079767,0.9954277406717419,0.31117836221044787,0.7495983486546142,0.2586170632899977,-0.12298540290300952,0.896707688319654
59,GradientBoostingRegressor,"{'max_depth': 7, 'loss': 'absolute_error', 'n_estimators': 10, 'learning_rate': 1.0, 'min_impurity_decrease': 0.2}",0.9900407681886412,0.22404260527179343,0.995007923681335,0.4733313905413346,0.7469915160279111,0.35311230915327135,-0.12203837497262104,0.7610099446429179
45,GradientBoostingRegressor,"{'max_depth': 7, 'loss': 'squared_error', 'n_estimators': 200, 'learning_rate': 1.0, 'min_impurity_decrease': 0}",0.9894094039852676,0.0928686574172365,0.9946906071665036,0.304743592905965,0.7343752887273205,0.2572634061078349,-0.1213228338681216,0.9009354245360692
69,GradientBoostingRegressor,"{'max_depth': 7, 'loss': 'absolute_error', 'n_estimators': 50, 'learning_rate': 1.0, 'min_impurity_decrease': 0}",0.9848700382900267,0.16174512453248394,0.9924061861405473,0.40217548972119616,0.7375632538834965,0.3050649008532871,-0.11617825530959092,0.827463726290532
9,GradientBoostingRegressor,"{'max_depth': 7, 'loss': 'squared_error', 'n_estimators': 10, 'learning_rate': 1.0, 'min_impurity_decrease': 0}",0.9807495641386593,0.1384254095812694,0.9903280083581698,0.37205565387623046,0.7271358181714702,0.30062009956777086,-0.11150841718830251,0.8523392626214059
21,GradientBoostingRegressor,"{'max_depth': 7, 'loss': 'squared_error', 'n_estimators': 50, 'learning_rate': 1.0, 'min_impurity_decrease': 0}",0.9790820173617174,0.09286876112554933,0.9894857337838264,0.3047437630625922,0.7368926158858247,0.2572635098161477,-0.10961854402761051,0.9009353139086491
71,GradientBoostingRegressor,"{'max_depth': 7, 'loss': 'absolute_error', 'n_estimators': 50, 'learning_rate': 1.0, 'min_impurity_decrease': 0.2}",0.9780397124848771,0.16665705938546016,0.9889589033346518,0.4082365238259068,0.7448162615951835,0.30736222725964074,-0.1084372734094563,0.8222240818889723
1,GradientBoostingRegressor,"{'max_depth': 7, 'loss': 'squared_error', 'n_estimators': 10, 'learning_rate': 0.01, 'min_impurity_decrease': 0.1}",0.9716392384292395,0.8960703652695227,0.9857176261126913,0.9466099330080594,0.7590519051587783,0.7287624931698555,-0.10118345342628388,0.044146509813125845
2,GradientBoostingRegressor,"{'max_depth': 7, 'loss': 'squared_error', 'n_estimators': 10, 'learning_rate': 0.01, 'min_impurity_decrease': 0.2}",0.9716392384292395,0.8960703652695227,0.9857176261126913,0.9466099330080594,0.7590519051587783,0.7287624931698555,-0.10118345342628388,0.044146509813125845
0,GradientBoostingRegressor,"{'max_depth': 7, 'loss': 'squared_error', 'n_estimators': 10, 'learning_rate': 0.01, 'min_impurity_decrease': 0}",0.9669347644839612,0.9003588220118585,0.9833284113072098,0.9488723950099183,0.7578502086315164,0.7300696827123392,-0.09585175349000896,0.03957194011017162
57,GradientBoostingRegressor,"{'max_depth': 7, 'loss': 'absolute_error', 'n_estimators': 10, 'learning_rate': 1.0, 'min_impurity_decrease': 0}",0.9648722244403097,0.23816544779113383,0.9822790970189225,0.48802197470107206,0.7344094529744852,0.359028681438321,-0.09351422441721247,0.7459448684650993
83,GradientBoostingRegressor,"{'max_depth': 7, 'loss': 'absolute_error', 'n_estimators': 100, 'learning_rate': 1.0, 'min_impurity_decrease': 0.2}",0.9432538934989311,0.1364968669701376,0.9712125892403429,0.3694548239908874,0.7283479396972204,0.2898664501472184,-0.06901362030222824,0.8543964718063899
70,GradientBoostingRegressor,"{'max_depth': 7, 'loss': 'absolute_error', 'n_estimators': 50, 'learning_rate': 1.0, 'min_impurity_decrease': 0.1}",0.9401849114046532,0.15443790128720572,0.9696313275697384,0.3929858792465777,0.7315022430563174,0.30029404993356706,-0.06553546486405981,0.8352584655356725
82,GradientBoostingRegressor,"{'max_depth': 7, 'loss': 'absolute_error', 'n_estimators': 100, 'learning_rate': 1.0, 'min_impurity_decrease': 0.1}",0.937966656919197,0.14488681504676393,0.9684867871681043,0.3806400071547445,0.7356040202230582,0.2916330439704914,-0.0630214606552324,0.8454467715793126
58,GradientBoostingRegressor,"{'max_depth': 7, 'loss': 'absolute_error', 'n_estimators': 10, 'learning_rate': 1.0, 'min_impurity_decrease': 0.1}",0.9002275051325848,0.23288026501149348,0.948803196206982,0.4825766933985659,0.7031513109048176,0.3616297551612091,-0.020250720394739297,0.7515826627745622
42,GradientBoostingRegressor,"{'max_depth': 7, 'loss': 'squared_error', 'n_estimators': 200, 'learning_rate': 0.5, 'min_impurity_decrease': 0}",0.807369059545684,0.0928686574172365,0.8985371776090759,0.304743592905965,0.6563880115509565,0.2572634061078349,0.0849881169709531,0.9009354245360692
60,GradientBoostingRegressor,"{'max_depth': 7, 'loss': 'absolute_error', 'n_estimators': 50, 'learning_rate': 0.01, 'min_impurity_decrease': 0}",0.8011155622436176,0.6397145508494501,0.895050592002272,0.7998215743835935,0.6847185043266576,0.6039094127051179,0.09207536446233056,0.3176056146340085
61,GradientBoostingRegressor,"{'max_depth': 7, 'loss': 'absolute_error', 'n_estimators': 50, 'learning_rate': 0.01, 'min_impurity_decrease': 0.1}",0.8002518973550463,0.631750909296532,0.8945679948193129,0.7948275972162341,0.686243518799951,0.6019868430827375,0.09305417783974967,0.32610056644581664
109,GradientBoostingRegressor,"{'max_depth': 7, 'loss': 'huber', 'n_estimators': 50, 'learning_rate': 0.01, 'min_impurity_decrease': 0.1}",0.7897327851517241,0.5802408386233767,0.8886691089217201,0.7617354124782284,0.6851216852248471,0.5983773490688109,0.10497575515455526,0.38104723440966426
62,GradientBoostingRegressor,"{'max_depth': 7, 'loss': 'absolute_error', 'n_estimators': 50, 'learning_rate': 0.01, 'min_impurity_decrease': 0.2}",0.7869872369633695,0.6352232964978045,0.8871230111790414,0.7970089688942055,0.6774711928385726,0.603899544130241,0.10808735472363828,0.3223965119940012
30,GradientBoostingRegressor,"{'max_depth': 7, 'loss': 'squared_error', 'n_estimators': 100, 'learning_rate': 0.5, 'min_impurity_decrease': 0}",0.7864077057823659,0.09286886082333708,0.8867963158371632,0.3047439266389686,0.6547511023432545,0.25726360951393545,0.10874415214599997,0.9009352075593242
110,GradientBoostingRegressor,"{'max_depth': 7, 'loss': 'huber', 'n_estimators': 50, 'learning_rate': 0.01, 'min_impurity_decrease': 0.2}",0.7856123976808406,0.5812293050003653,0.8863477859626212,0.762383961662603,0.6846494231517197,0.5982162388852842,0.1096454950386474,0.3799928205232137
6,GradientBoostingRegressor,"{'max_depth': 7, 'loss': 'squared_error', 'n_estimators': 10, 'learning_rate': 0.5, 'min_impurity_decrease': 0}",0.7853180423457069,0.14783486651341793,0.8861817208370453,0.3844929993035217,0.6551517947010618,0.3090108862271329,0.10997909542411655,0.842302034968361
108,GradientBoostingRegressor,"{'max_depth': 7, 'loss': 'huber', 'n_estimators': 50, 'learning_rate': 0.01, 'min_impurity_decrease': 0}",0.7826082103122569,0.5682701901263729,0.884651462618051,0.7538369784816694,0.6823720806446627,0.5932896437058168,0.11305021696674133,0.39381652864050254
20,GradientBoostingRegressor,"{'max_depth': 7, 'loss': 'squared_error', 'n_estimators': 50, 'learning_rate': 0.5, 'min_impurity_decrease': 0.2}",0.7818799234991854,0.11876048080653799,0.8842397432253232,0.3446164256191773,0.6607047917703363,0.2819001141833607,0.11387560292912724,0.8733161764131587
92,GradientBoostingRegressor,"{'max_depth': 7, 'loss': 'absolute_error', 'n_estimators': 200, 'learning_rate': 0.5, 'min_impurity_decrease': 0.2}",0.7767662941466476,0.1264466248018237,0.881343459808177,0.35559334189748787,0.6393316727085329,0.2818063113326339,0.11967100909147299,0.8651172359630268
18,GradientBoostingRegressor,"{'max_depth': 7, 'loss': 'squared_error', 'n_estimators': 50, 'learning_rate': 0.5, 'min_impurity_decrease': 0}",0.7696622864117829,0.09310240103861944,0.8773039874591834,0.30512686056560057,0.6451896962736293,0.25749714972921783,0.12772216168108197,0.9006860862419269
32,GradientBoostingRegressor,"{'max_depth': 7, 'loss': 'squared_error', 'n_estimators': 100, 'learning_rate': 0.5, 'min_impurity_decrease': 0.2}",0.7600088941968601,0.11876048080653799,0.8717848898649598,0.3446164256191773,0.6463487292616958,0.2819001141833607,0.13866259652158086,0.8733161764131587
19,GradientBoostingRegressor,"{'max_depth': 7, 'loss': 'squared_error', 'n_estimators': 50, 'learning_rate': 0.5, 'min_impurity_decrease': 0.1}",0.7580812483939581,0.10347159180891599,0.8706786137226284,0.3216700045215842,0.6459221139660316,0.2677708396354767,0.14084724652156844,0.8896250941900133
31,GradientBoostingRegressor,"{'max_depth': 7, 'loss': 'squared_error', 'n_estimators': 100, 'learning_rate': 0.5, 'min_impurity_decrease': 0.1}",0.7524031750284245,0.10347159180891599,0.8674117678636971,0.3216700045215842,0.6440520557770983,0.2677708396354767,0.1472823514351721,0.8896250941900133
8,GradientBoostingRegressor,"{'max_depth': 7, 'loss': 'squared_error', 'n_estimators': 10, 'learning_rate': 0.5, 'min_impurity_decrease': 0.2}",0.7494370702799529,0.14510860244647278,0.8657003351506529,0.3809312306000557,0.6438109459625133,0.30684281669274804,0.15064391336161942,0.8452101871900638
43,GradientBoostingRegressor,"{'max_depth': 7, 'loss': 'squared_error', 'n_estimators': 200, 'learning_rate': 0.5, 'min_impurity_decrease': 0.1}",0.7404947580630173,0.10347159180891599,0.8605200509360705,0.3216700045215842,0.6370381600851697,0.2677708396354767,0.16077846316076105,0.8896250941900133
13,GradientBoostingRegressor,"{'max_depth': 7, 'loss': 'squared_error', 'n_estimators': 50, 'learning_rate': 0.01, 'min_impurity_decrease': 0.1}",0.7381124135249413,0.5405140615298517,0.8591346888148221,0.7351966141991214,0.6605241938383533,0.5758222811409005,0.16347843479831126,0.42342446281772594
44,GradientBoostingRegressor,"{'max_depth': 7, 'loss': 'squared_error', 'n_estimators': 200, 'learning_rate': 0.5, 'min_impurity_decrease': 0.2}",0.7364737726605477,0.11876048080653799,0.8581805012120397,0.3446164256191773,0.6475375894974165,0.2819001141833607,0.16533554815336216,0.8733161764131587
128,GradientBoostingRegressor,"{'max_depth': 7, 'loss': 'huber', 'n_estimators': 100, 'learning_rate': 0.5, 'min_impurity_decrease': 0.2}",0.7346155099689037,0.13234996038064592,0.8570971415008357,0.36379934081942195,0.6354487610391425,0.2910072488708028,0.1674415645092534,0.8588200475552121
140,GradientBoostingRegressor,"{'max_depth': 7, 'loss': 'huber', 'n_estimators': 200, 'learning_rate': 0.5, 'min_impurity_decrease': 0.2}",0.7334952531873139,0.13234996038064592,0.8564433741861244,0.36379934081942195,0.6293556627603796,0.2910072488708028,0.1687111800030343,0.8588200475552121
80,GradientBoostingRegressor,"{'max_depth': 7, 'loss': 'absolute_error', 'n_estimators': 100, 'learning_rate': 0.5, 'min_impurity_decrease': 0.2}",0.7332866152983912,0.15379428131517736,0.8563215606875675,0.3921661399396656,0.6265449762143105,0.30060449882306334,0.16894763462729467,0.8359450259001951
67,GradientBoostingRegressor,"{'max_depth': 7, 'loss': 'absolute_error', 'n_estimators': 50, 'learning_rate': 0.5, 'min_impurity_decrease': 0.1}",0.7316754345834381,0.16411501621282318,0.8553802865295869,0.4051111158840537,0.6394847726797618,0.3115700345594402,0.17077362669679386,0.8249357225512991
14,GradientBoostingRegressor,"{'max_depth': 7, 'loss': 'squared_error', 'n_estimators': 50, 'learning_rate': 0.01, 'min_impurity_decrease': 0.2}",0.7299677661163569,0.543586713921125,0.854381510869914,0.737283333543574,0.661540176993145,0.5773242120525554,0.1727089707890389,0.4201468122824956
138,GradientBoostingRegressor,"{'max_depth': 7, 'loss': 'huber', 'n_estimators': 200, 'learning_rate': 0.5, 'min_impurity_decrease': 0}",0.7264634894405083,0.09609868165098302,0.8523282756312314,0.3099978736233251,0.622801718171549,0.2576697176071304,0.1766804566441289,0.8974899027814399
116,GradientBoostingRegressor,"{'max_depth': 7, 'loss': 'huber', 'n_estimators': 50, 'learning_rate': 0.5, 'min_impurity_decrease': 0.2}",0.7261943837292953,0.13234996038064592,0.8521703959474861,0.36379934081942195,0.626178792879514,0.2910072488708028,0.17698544098882185,0.8588200475552121
55,GradientBoostingRegressor,"{'max_depth': 7, 'loss': 'absolute_error', 'n_estimators': 10, 'learning_rate': 0.5, 'min_impurity_decrease': 0.1}",0.7255668684507592,0.25758658089411524,0.8518021298698185,0.5075298817745761,0.6346742532421189,0.3784986988231731,0.1776966200089417,0.7252280156604818
127,GradientBoostingRegressor,"{'max_depth': 7, 'loss': 'huber', 'n_estimators': 100, 'learning_rate': 0.5, 'min_impurity_decrease': 0.1}",0.7250783054429745,0.11680844308375486,0.8515152995941849,0.34177250194208847,0.6163875075292066,0.2764788532542913,0.17825032088767367,0.8753984482331151
91,GradientBoostingRegressor,"{'max_depth': 7, 'loss': 'absolute_error', 'n_estimators': 200, 'learning_rate': 0.5, 'min_impurity_decrease': 0.1}",0.7233772722284462,0.12470820080242874,0.8505158859353811,0.35314048309763174,0.623332664219943,0.2812469306625639,0.18017814507949537,0.8669716423932032
12,GradientBoostingRegressor,"{'max_depth': 7, 'loss': 'squared_error', 'n_estimators': 50, 'learning_rate': 0.01, 'min_impurity_decrease': 0}",0.7199999624673151,0.5395153339380974,0.84852811530751,0.7345170753209876,0.6531169838306595,0.5749811665311148,0.1840057361019256,0.4244898225163888
53,GradientBoostingRegressor,"{'max_depth': 7, 'loss': 'absolute_error', 'n_estimators': 10, 'learning_rate': 0.1, 'min_impurity_decrease': 0.2}",0.7192501248052501,0.5300159220414192,0.8480861541171687,0.7280219241488673,0.6480951183580578,0.5535391127318529,0.18485554618941924,0.43462300665916687
115,GradientBoostingRegressor,"{'max_depth': 7, 'loss': 'huber', 'n_estimators': 50, 'learning_rate': 0.5, 'min_impurity_decrease': 0.1}",0.7182930837580638,0.11680844308375486,0.8475217305521221,0.34177250194208847,0.6207332862485697,0.2764788532542913,0.1859401851415421,0.8753984482331151
51,GradientBoostingRegressor,"{'max_depth': 7, 'loss': 'absolute_error', 'n_estimators': 10, 'learning_rate': 0.1, 'min_impurity_decrease': 0}",0.7177765803484782,0.5248850988339747,0.8472169617922426,0.7244895436332913,0.645150088699751,0.5468610247305743,0.18652555158803652,0.4400961429891387
68,GradientBoostingRegressor,"{'max_depth': 7, 'loss': 'absolute_error', 'n_estimators': 50, 'learning_rate': 0.5, 'min_impurity_decrease': 0.2}",0.7174923592931907,0.16330136192978226,0.8470492071262393,0.4041056321431096,0.6247360357492912,0.309419947134482,0.18684766653648588,0.8258036614056504
90,GradientBoostingRegressor,"{'max_depth': 7, 'loss': 'absolute_error', 'n_estimators': 200, 'learning_rate': 0.5, 'min_impurity_decrease': 0}",0.7157302157382338,0.13181165776474613,0.8460084016948258,0.36305875249709396,0.6323125727218427,0.2854466139489837,0.18884474863088263,0.8593942641057503
104,GradientBoostingRegressor,"{'max_depth': 7, 'loss': 'huber', 'n_estimators': 10, 'learning_rate': 0.5, 'min_impurity_decrease': 0.2}",0.713972462971621,0.1388267564469309,0.8449689124291029,0.37259462750679984,0.6242111493606856,0.2965346542333084,0.19083685453321042,0.8519111390976436
7,GradientBoostingRegressor,"{'max_depth': 7, 'loss': 'squared_error', 'n_estimators': 10, 'learning_rate': 0.5, 'min_impurity_decrease': 0.1}",0.7127238595111115,0.14874189469615998,0.8442297433229367,0.38567070759413397,0.6302700634328366,0.3104652727381822,0.19225192858150286,0.8413344925880134
126,GradientBoostingRegressor,"{'max_depth': 7, 'loss': 'huber', 'n_estimators': 100, 'learning_rate': 0.5, 'min_impurity_decrease': 0}",0.7103562312911113,0.0961282517021437,0.8428263351907742,0.31004556391302185,0.6222454355412295,0.25835486162172394,0.1949352218416066,0.8974583599052302
52,GradientBoostingRegressor,"{'max_depth': 7, 'loss': 'absolute_error', 'n_estimators': 10, 'learning_rate': 0.1, 'min_impurity_decrease': 0.1}",0.707291822324147,0.532622259824145,0.8410064341752369,0.72980974220967,0.6435023761657218,0.5510902360597827,0.1984081944383157,0.431842781843368
121,GradientBoostingRegressor,"{'max_depth': 7, 'loss': 'huber', 'n_estimators': 100, 'learning_rate': 0.01, 'min_impurity_decrease': 0.1}",0.7061498944825476,0.38894157105889665,0.8403272543970877,0.6236518027384325,0.6442564272506854,0.48576057314538973,0.19970237029540538,0.5851094148576267
122,GradientBoostingRegressor,"{'max_depth': 7, 'loss': 'huber', 'n_estimators': 100, 'learning_rate': 0.01, 'min_impurity_decrease': 0.2}",0.7056889381854523,0.39065046331599745,0.8400529377280055,0.625020370320838,0.6418385002360576,0.4876094949256083,0.2002247837869957,0.583286510438941
74,GradientBoostingRegressor,"{'max_depth': 7, 'loss': 'absolute_error', 'n_estimators': 100, 'learning_rate': 0.01, 'min_impurity_decrease': 0.2}",0.7054628414461172,0.5438303221071594,0.8399183540357462,0.737448521665858,0.6388765411419631,0.5568146284878267,0.20048102497033038,0.4198869512895601
139,GradientBoostingRegressor,"{'max_depth': 7, 'loss': 'huber', 'n_estimators': 200, 'learning_rate': 0.5, 'min_impurity_decrease': 0.1}",0.7045905863707755,0.11680844308375486,0.8393989435130208,0.34177250194208847,0.6167480463670554,0.2764788532542913,0.201469573824827,0.8753984482331151
79,GradientBoostingRegressor,"{'max_depth': 7, 'loss': 'absolute_error', 'n_estimators': 100, 'learning_rate': 0.5, 'min_impurity_decrease': 0.1}",0.7039730952749115,0.14401564915026435,0.8390310454774075,0.37949393822598054,0.6301255323721313,0.2946652890593815,0.20216939218385388,0.8463760590493321
120,GradientBoostingRegressor,"{'max_depth': 7, 'loss': 'huber', 'n_estimators': 100, 'learning_rate': 0.01, 'min_impurity_decrease': 0}",0.7034792185818982,0.3858353368630017,0.8387366801218952,0.6211564511964773,0.644358086332876,0.48597297397700695,0.20272911519715897,0.588422887674676
66,GradientBoostingRegressor,"{'max_depth': 7, 'loss': 'absolute_error', 'n_estimators': 50, 'learning_rate': 0.5, 'min_impurity_decrease': 0}",0.7009385549968951,0.15699002103490148,0.8372207325412427,0.3962196626051028,0.6242698717775615,0.30737149915405054,0.20560851383594902,0.8325360760194473
103,GradientBoostingRegressor,"{'max_depth': 7, 'loss': 'huber', 'n_estimators': 10, 'learning_rate': 0.5, 'min_impurity_decrease': 0.1}",0.7006640735997243,0.14244097045803503,0.8370567923383241,0.3774135271264598,0.608200968470478,0.29815563794380484,0.20591959058221798,0.8480557955769848
72,GradientBoostingRegressor,"{'max_depth': 7, 'loss': 'absolute_error', 'n_estimators': 100, 'learning_rate': 0.01, 'min_impurity_decrease': 0}",0.6981446674802474,0.5395193282758101,0.8355505176111421,0.7345197943390022,0.6339469880512448,0.5545141979307543,0.20877489759484325,0.4244855616884543
73,GradientBoostingRegressor,"{'max_depth': 7, 'loss': 'absolute_error', 'n_estimators': 100, 'learning_rate': 0.01, 'min_impurity_decrease': 0.1}",0.695656986207867,0.5366623805421294,0.8340605410927117,0.7325724404740663,0.6325884081937265,0.5537978274776193,0.21159425003163068,0.4275331163988466
114,GradientBoostingRegressor,"{'max_depth': 7, 'loss': 'huber', 'n_estimators': 50, 'learning_rate': 0.5, 'min_impurity_decrease': 0}",0.6905914056037818,0.09500481337895646,0.8310182943857385,0.30822850838129245,0.6050821972428215,0.2575017526270468,0.2173352013256864,0.8986567506609664
54,GradientBoostingRegressor,"{'max_depth': 7, 'loss': 'absolute_error', 'n_estimators': 10, 'learning_rate': 0.5, 'min_impurity_decrease': 0}",0.6899216021157729,0.2306691174012262,0.8306151949704345,0.4802802488144044,0.6308199300057051,0.3649134955937854,0.21809430664880514,0.753941331515891
101,GradientBoostingRegressor,"{'max_depth': 7, 'loss': 'huber', 'n_estimators': 10, 'learning_rate': 0.1, 'min_impurity_decrease': 0.2}",0.689218566195001,0.3605559276992763,0.8301918851657134,0.6004630943690681,0.6415861460314378,0.4690414918226896,0.21889107513292883,0.615388863133245
56,GradientBoostingRegressor,"{'max_depth': 7, 'loss': 'absolute_error', 'n_estimators': 10, 'learning_rate': 0.5, 'min_impurity_decrease': 0.2}",0.6853347059826268,0.2549906773767975,0.8278494464470135,0.5049660160612767,0.6225024102450772,0.37883495092532493,0.22329275266110393,0.7279971100680066
4,GradientBoostingRegressor,"{'max_depth': 7, 'loss': 'squared_error', 'n_estimators': 10, 'learning_rate': 0.1, 'min_impurity_decrease': 0.1}",0.6817617311089726,0.35898781932177976,0.8256886405352641,0.5991559223789579,0.6325910173942285,0.4761102491116754,0.22734209593046018,0.617061590994489
100,GradientBoostingRegressor,"{'max_depth': 7, 'loss': 'huber', 'n_estimators': 10, 'learning_rate': 0.1, 'min_impurity_decrease': 0.1}",0.6815182810826274,0.3499531090557044,0.8255412049574675,0.5915683469014417,0.6359660950155536,0.4621770977561524,0.22761800403518107,0.6266990700088271
102,GradientBoostingRegressor,"{'max_depth': 7, 'loss': 'huber', 'n_estimators': 10, 'learning_rate': 0.5, 'min_impurity_decrease': 0}",0.6805379682945081,0.13025502030308103,0.8249472518255383,0.3609086038086111,0.6116968018650186,0.28746952481265453,0.22872901744300145,0.8610547557460922
99,GradientBoostingRegressor,"{'max_depth': 7, 'loss': 'huber', 'n_estimators': 10, 'learning_rate': 0.1, 'min_impurity_decrease': 0}",0.6762967884565847,0.36656747320345995,0.8223726578970052,0.6054481589727232,0.6348695883359721,0.47217538782498153,0.2335356543878786,0.6089762453586769
5,GradientBoostingRegressor,"{'max_depth': 7, 'loss': 'squared_error', 'n_estimators': 10, 'learning_rate': 0.1, 'min_impurity_decrease': 0.2}",0.6640467866988585,0.35590599312167204,0.8148906593518289,0.5965785724627327,0.6248710718378905,0.47545620355245977,0.2474188928436024,0.6203490273875408
78,GradientBoostingRegressor,"{'max_depth': 7, 'loss': 'absolute_error', 'n_estimators': 100, 'learning_rate': 0.5, 'min_impurity_decrease': 0}",0.6623872827340539,0.13725093317145412,0.8138717851934996,0.3704739304883059,0.5929322384266701,0.29085483322168676,0.24929965088080597,0.8535920965717021
3,GradientBoostingRegressor,"{'max_depth': 7, 'loss': 'squared_error', 'n_estimators': 10, 'learning_rate': 0.1, 'min_impurity_decrease': 0}",0.6517142690321899,0.36573556530558127,0.8072882193072001,0.6047607504671424,0.6282020200243763,0.48030291230485267,0.26139564867694753,0.6098636556542536
25,GradientBoostingRegressor,"{'max_depth': 7, 'loss': 'squared_error', 'n_estimators': 100, 'learning_rate': 0.01, 'min_impurity_decrease': 0.1}",0.6476980817920566,0.3698943916014661,0.8047969195965257,0.6081894372656156,0.6243280592258696,0.48483762424192767,0.2659472957901766,0.6054273649520086
24,GradientBoostingRegressor,"{'max_depth': 7, 'loss': 'squared_error', 'n_estimators': 100, 'learning_rate': 0.01, 'min_impurity_decrease': 0}",0.637881310728837,0.3737671143480687,0.7986747214785485,0.6113649600263894,0.6179038291355518,0.4871358952984858,0.2770728920334561,0.6012962657690188
85,GradientBoostingRegressor,"{'max_depth': 7, 'loss': 'absolute_error', 'n_estimators': 200, 'learning_rate': 0.01, 'min_impurity_decrease': 0.1}",0.6371814951974426,0.36484593030991447,0.7982364907703998,0.6040247762384541,0.6089868645413312,0.45423943061238947,0.2778660107684179,0.6108126444262958
26,GradientBoostingRegressor,"{'max_depth': 7, 'loss': 'squared_error', 'n_estimators': 100, 'learning_rate': 0.01, 'min_impurity_decrease': 0.2}",0.634777688647264,0.3713104181063412,0.7967293697657091,0.6093524580292929,0.6167376575015852,0.4855310704847036,0.2805903058499686,0.603916865409403
86,GradientBoostingRegressor,"{'max_depth': 7, 'loss': 'absolute_error', 'n_estimators': 200, 'learning_rate': 0.01, 'min_impurity_decrease': 0.2}",0.6318375971523551,0.36937327816852245,0.7948821278355396,0.6077608725218516,0.603777969652914,0.455791103941717,0.28392238629475064,0.6059832455089029
65,GradientBoostingRegressor,"{'max_depth': 7, 'loss': 'absolute_error', 'n_estimators': 50, 'learning_rate': 0.1, 'min_impurity_decrease': 0.2}",0.6281571827610651,0.26749903643403133,0.7925636774171935,0.5172030901242096,0.593772714600924,0.38705821720884653,0.2880934935011581,0.7146542308424768
64,GradientBoostingRegressor,"{'max_depth': 7, 'loss': 'absolute_error', 'n_estimators': 50, 'learning_rate': 0.1, 'min_impurity_decrease': 0.1}",0.6247966947522133,0.2583315380100459,0.7904408230552198,0.5082632566004018,0.6012693672147515,0.381618608857942,0.291902020004027,0.724433357242013
132,GradientBoostingRegressor,"{'max_depth': 7, 'loss': 'huber', 'n_estimators': 200, 'learning_rate': 0.01, 'min_impurity_decrease': 0}",0.6240389938927983,0.21191942966256758,0.7899613875961269,0.4603470752188696,0.6003343115093566,0.3613256342513113,0.29276074165300403,0.773941942137045
123,GradientBoostingRegressor,"{'max_depth': 7, 'loss': 'huber', 'n_estimators': 100, 'learning_rate': 0.1, 'min_impurity_decrease': 0}",0.6215068543178455,0.1027168294438418,0.7883570601687064,0.32049466367451707,0.589316253849213,0.26575748149525524,0.295630479814476,0.8904302120344147
75,GradientBoostingRegressor,"{'max_depth': 7, 'loss': 'absolute_error', 'n_estimators': 100, 'learning_rate': 0.1, 'min_impurity_decrease': 0}",0.6209445586353832,0.20932502267374498,0.788000354463996,0.45752051612331546,0.5923325103337531,0.34675230405172075,0.2962677438081177,0.7767094401721858
133,GradientBoostingRegressor,"{'max_depth': 7, 'loss': 'huber', 'n_estimators': 200, 'learning_rate': 0.01, 'min_impurity_decrease': 0.1}",0.6206991413194974,0.21878125888730637,0.7878446174973194,0.4677405893091879,0.5981553840090699,0.3658604667479432,0.2965458814920946,0.7666223122644957
84,GradientBoostingRegressor,"{'max_depth': 7, 'loss': 'absolute_error', 'n_estimators': 200, 'learning_rate': 0.01, 'min_impurity_decrease': 0}",0.6194105256981501,0.3687755723406678,0.7870263818310985,0.607268945641606,0.5978598709953579,0.45568979916251673,0.2980063023395978,0.6066208284753789
125,GradientBoostingRegressor,"{'max_depth': 7, 'loss': 'huber', 'n_estimators': 100, 'learning_rate': 0.1, 'min_impurity_decrease': 0.2}",0.6156880138895717,0.1348495541588971,0.7846578960856583,0.3672186734888316,0.5855198116515042,0.2939773955582444,0.3022251196193706,0.8561536883834386
134,GradientBoostingRegressor,"{'max_depth': 7, 'loss': 'huber', 'n_estimators': 200, 'learning_rate': 0.01, 'min_impurity_decrease': 0.2}",0.6156311302439941,0.22027805977551923,0.7846216478303374,0.4693378950985305,0.594709121193468,0.36705964895213367,0.3022895873012047,0.7650256493141674
137,GradientBoostingRegressor,"{'max_depth': 7, 'loss': 'huber', 'n_estimators': 200, 'learning_rate': 0.1, 'min_impurity_decrease': 0.2}",0.6108797412584965,0.1348495541588971,0.7815879613060174,0.3672186734888316,0.5872517912934562,0.2939773955582444,0.30767445724540343,0.8561536883834386
89,GradientBoostingRegressor,"{'max_depth': 7, 'loss': 'absolute_error', 'n_estimators': 200, 'learning_rate': 0.1, 'min_impurity_decrease': 0.2}",0.5982904446895456,0.16117085833357922,0.7734923688631619,0.40146090511229016,0.5888788098541327,0.3105770108716546,0.3219422271374637,0.8280763058063765
63,GradientBoostingRegressor,"{'max_depth': 7, 'loss': 'absolute_error', 'n_estimators': 50, 'learning_rate': 0.1, 'min_impurity_decrease': 0}",0.5940293657381941,0.2680067126611675,0.7707330054812718,0.5176936474993367,0.5914885469063846,0.390348301129847,0.326771416253536,0.7141126839814254
77,GradientBoostingRegressor,"{'max_depth': 7, 'loss': 'absolute_error', 'n_estimators': 100, 'learning_rate': 0.1, 'min_impurity_decrease': 0.2}",0.5919479590787847,0.1991059758240952,0.7693815432402734,0.4462129265542351,0.5783871565180085,0.3401734012533863,0.32913032734166603,0.787610271151774
39,GradientBoostingRegressor,"{'max_depth': 7, 'loss': 'squared_error', 'n_estimators': 200, 'learning_rate': 0.1, 'min_impurity_decrease': 0}",0.5908836144990395,0.0933829766199632,0.7686895436384181,0.30558628342902305,0.5860029929174023,0.2577777253105616,0.33033657611549494,0.9003867915000369
37,GradientBoostingRegressor,"{'max_depth': 7, 'loss': 'squared_error', 'n_estimators': 200, 'learning_rate': 0.01, 'min_impurity_decrease': 0.1}",0.5902487934588818,0.20818927094454107,0.7682765084648117,0.45627762485633794,0.5874947698246364,0.364545936029496,0.3310560349410141,0.7779209658474253
40,GradientBoostingRegressor,"{'max_depth': 7, 'loss': 'squared_error', 'n_estimators': 200, 'learning_rate': 0.1, 'min_impurity_decrease': 0.1}",0.5875109859835143,0.11047594210605312,0.7664926522697489,0.3323792143110834,0.5778261577493191,0.2746016738041683,0.3341588617632566,0.8821534346669399
28,GradientBoostingRegressor,"{'max_depth': 7, 'loss': 'squared_error', 'n_estimators': 100, 'learning_rate': 0.1, 'min_impurity_decrease': 0.1}",0.5862261022712323,0.11047594210605312,0.7656540356265565,0.3323792143110834,0.5791543431080367,0.2746016738041683,0.33561505314333007,0.8821534346669399
16,GradientBoostingRegressor,"{'max_depth': 7, 'loss': 'squared_error', 'n_estimators': 50, 'learning_rate': 0.1, 'min_impurity_decrease': 0.1}",0.5857443755596847,0.12052830333713033,0.7653393858672666,0.3471718642648484,0.5775367814572473,0.28336882320434953,0.3361610062737195,0.871430410070033
76,GradientBoostingRegressor,"{'max_depth': 7, 'loss': 'absolute_error', 'n_estimators': 100, 'learning_rate': 0.1, 'min_impurity_decrease': 0.1}",0.5849537473767589,0.1924818129933792,0.7648226901555412,0.4387274928624592,0.5779036817576929,0.3341641543731416,0.3370570452956284,0.7946763782419259
15,GradientBoostingRegressor,"{'max_depth': 7, 'loss': 'squared_error', 'n_estimators': 50, 'learning_rate': 0.1, 'min_impurity_decrease': 0}",0.5777735420380036,0.1206752527312317,0.7601141638188329,0.3473834376179033,0.5763677763371233,0.2836413699796088,0.3451945545670967,0.8712736566534747
113,GradientBoostingRegressor,"{'max_depth': 7, 'loss': 'huber', 'n_estimators': 50, 'learning_rate': 0.1, 'min_impurity_decrease': 0.2}",0.5754997726442244,0.13155431176991836,0.7586170131523708,0.3627041656362915,0.5754378096529376,0.2916149083851297,0.34777147523302676,0.8596687794528433
88,GradientBoostingRegressor,"{'max_depth': 7, 'loss': 'absolute_error', 'n_estimators': 200, 'learning_rate': 0.1, 'min_impurity_decrease': 0.1}",0.5752622204060068,0.16591260169005634,0.7584604277126176,0.407323706270647,0.5758584696850869,0.31513210917114676,0.34804069922450787,0.823018207567076
36,GradientBoostingRegressor,"{'max_depth': 7, 'loss': 'squared_error', 'n_estimators': 200, 'learning_rate': 0.01, 'min_impurity_decrease': 0}",0.5750227960457196,0.20909175930119134,0.7583025755235964,0.4572655238493181,0.5829986165545097,0.36328001085775885,0.3483120449395303,0.7769582661767385
87,GradientBoostingRegressor,"{'max_depth': 7, 'loss': 'absolute_error', 'n_estimators': 200, 'learning_rate': 0.1, 'min_impurity_decrease': 0}",0.5741979200845901,0.15731068310891264,0.7577584840070022,0.3966241080783071,0.5729433902096206,0.3076111236313957,0.3492468978392478,0.8321940203344321
27,GradientBoostingRegressor,"{'max_depth': 7, 'loss': 'squared_error', 'n_estimators': 100, 'learning_rate': 0.1, 'min_impurity_decrease': 0}",0.5723352349662102,0.09985276961049219,0.7565284098870381,0.31599488858285696,0.5738890772213944,0.26415201743705286,0.3513579262438017,0.8934853533424167
38,GradientBoostingRegressor,"{'max_depth': 7, 'loss': 'squared_error', 'n_estimators': 200, 'learning_rate': 0.01, 'min_impurity_decrease': 0.2}",0.5722829928179796,0.21094917051861242,0.7564938815469557,0.4592920318475081,0.5809241568660328,0.3658595920986869,0.35141713359867965,0.7749769340585291
136,GradientBoostingRegressor,"{'max_depth': 7, 'loss': 'huber', 'n_estimators': 200, 'learning_rate': 0.1, 'min_impurity_decrease': 0.1}",0.5708718788426224,0.12510499757323973,0.7555606387594727,0.3537018484164873,0.5712126192767366,0.28589608393464866,0.353016384945377,0.8665483725329612
112,GradientBoostingRegressor,"{'max_depth': 7, 'loss': 'huber', 'n_estimators': 50, 'learning_rate': 0.1, 'min_impurity_decrease': 0.1}",0.5705035638779729,0.12647136979399287,0.7553168632289186,0.35562813414294553,0.5683965204343779,0.2867905454510084,0.3534338056594447,0.8650908400592605
111,GradientBoostingRegressor,"{'max_depth': 7, 'loss': 'huber', 'n_estimators': 50, 'learning_rate': 0.1, 'min_impurity_decrease': 0}",0.5629686118331506,0.12686778354585906,0.7503123428500631,0.3561850411595903,0.5713250204461846,0.2876059850971237,0.36197335839254796,0.8646679787718377
124,GradientBoostingRegressor,"{'max_depth': 7, 'loss': 'huber', 'n_estimators': 100, 'learning_rate': 0.1, 'min_impurity_decrease': 0.1}",0.56036901797925,0.12365650884717293,0.7485779972583018,0.35164827434124135,0.5646654147189918,0.2849669338125268,0.3649195442034173,0.8680935000787103
135,GradientBoostingRegressor,"{'max_depth': 7, 'loss': 'huber', 'n_estimators': 200, 'learning_rate': 0.1, 'min_impurity_decrease': 0}",0.5564897897389901,0.09529960921117207,0.745982432594086,0.30870634786342194,0.5631639553319364,0.2578371988692922,0.3693159721998245,0.8983422869357531
41,GradientBoostingRegressor,"{'max_depth': 7, 'loss': 'squared_error', 'n_estimators': 200, 'learning_rate': 0.1, 'min_impurity_decrease': 0.2}",0.5509798436046575,0.12241704922123242,0.7422801651699024,0.34988147881994613,0.5608605157703657,0.28525756908845157,0.37556053424757174,0.869415652730243
17,GradientBoostingRegressor,"{'max_depth': 7, 'loss': 'squared_error', 'n_estimators': 50, 'learning_rate': 0.1, 'min_impurity_decrease': 0.2}",0.5439101565656228,0.12378597388080051,0.7375026485143106,0.35183230931908527,0.5581132497097906,0.2866264937480197,0.38357279031997216,0.8679553975266715
29,GradientBoostingRegressor,"{'max_depth': 7, 'loss': 'squared_error', 'n_estimators': 100, 'learning_rate': 0.1, 'min_impurity_decrease': 0.2}",0.5429694063292082,0.12241704922123242,0.7368645780122751,0.34988147881994613,0.5617450472709989,0.28525756908845157,0.38463896648204376,0.869415652730243
